duration,packet_count,byte_count,src_bytes,dst_bytes,syn_count,failed_connections,label
2.173,182,53932.2,18904.8,35027.5,54,3,Attack
1.114,38,23179.4,17141.6,6037.8,2,0,Normal
0.86,199,55467.6,19050.4,36417.2,67,3,Attack
4.305,55,32039.7,24645.8,7393.9,1,0,Normal
0.214,211,55250.7,15761.4,39489.3,69,6,Attack
0.255,188,65765.6,17221.9,48543.7,68,4,Attack
3.705,57,34146.8,16274.9,17871.9,8,2,Normal
1.138,225,80738.1,18846.5,61891.7,70,2,Attack
3.943,45,19998.4,14362.8,5635.6,4,1,Normal
2.029,200,30862.9,13185.5,17677.3,67,3,Attack
2.642,46,22187.2,11902.7,10284.5,4,0,Normal
1.075,202,75849.1,33468.9,42380.2,67,5,Attack
5.243,56,29255.5,18437.1,10818.4,3,0,Normal
7.864,38,18613.2,12097.4,6515.8,3,0,Normal
4.985,45,24553.1,10966.3,13586.7,4,0,Normal
2.915,39,18405.8,7304.8,11101.1,3,1,Normal
0.869,41,21041.2,14978.9,6062.3,6,0,Normal
2.054,50,25880.7,21003.3,4877.4,8,1,Normal
0.225,201,38311.6,8275.8,30035.8,82,4,Attack
0.273,202,32924.9,5347.4,27577.5,65,4,Attack
1.333,36,18095.9,14561.2,3534.7,3,1,Normal
0.853,214,8560.0,3668.8,4891.2,70,3,Attack
3.424,200,59746.5,22447.5,37299.0,69,1,Attack
8.766,48,28764.5,25760.4,3004.1,4,0,Normal
1.092,182,57055.0,25561.4,31493.6,65,4,Attack
3.212,44,25325.3,21986.7,3338.6,2,0,Normal
4.072,41,24874.6,18659.9,6214.8,3,1,Normal
0.382,45,18174.8,13071.4,5103.4,3,3,Normal
3.483,40,20950.3,11371.5,9578.8,1,1,Normal
0.452,42,21513.9,12404.0,9109.9,3,0,Normal
1.47,43,22233.7,8616.6,13617.2,5,0,Normal
5.201,45,25369.1,10094.9,15274.2,4,1,Normal
1.589,53,32329.7,14257.5,18072.2,2,1,Normal
4.045,45,28029.6,23668.7,4360.8,5,0,Normal
9.268,38,17578.8,9709.2,7869.6,3,2,Normal
1.406,42,23137.5,17496.4,5641.1,3,1,Normal
0.076,202,50242.0,20999.7,29242.3,59,4,Attack
1.267,190,90538.2,34757.1,55781.1,87,4,Attack
3.552,47,22333.1,13354.7,8978.3,3,1,Normal
1.35,49,21320.1,19077.9,2242.3,3,0,Normal
0.921,59,27525.9,22598.5,4927.4,3,0,Normal
0.818,185,40392.5,14296.0,26096.6,74,4,Attack
0.366,35,19526.3,17395.2,2131.1,1,1,Normal
1.86,46,20381.4,15377.7,5003.7,2,0,Normal
2.168,200,73555.1,19881.7,53673.4,76,2,Attack
4.257,38,19578.4,14791.4,4787.0,4,0,Normal
0.79,43,26307.0,18990.6,7316.4,4,0,Normal
5.661,45,22415.0,13764.6,8650.4,5,1,Normal
0.227,46,20617.5,18088.5,2529.0,2,3,Normal
0.93,183,66276.9,10725.4,55551.5,74,2,Attack
0.676,203,18638.5,4410.3,14228.2,70,2,Attack
3.884,51,28036.8,15992.1,12044.7,0,0,Normal
0.774,187,46620.7,11201.2,35419.5,71,2,Attack
2.683,48,28872.2,12615.9,16256.3,7,0,Normal
2.613,53,26958.9,14361.9,12596.9,2,0,Normal
0.803,173,66565.9,28738.1,37827.9,71,3,Attack
4.127,188,44022.1,18301.6,25720.5,70,3,Attack
3.675,167,51726.9,6580.1,45146.8,66,6,Attack
0.301,39,15969.5,11662.2,4307.3,3,0,Normal
2.114,42,26887.1,19988.4,6898.7,5,1,Normal
0.912,188,31574.6,9781.4,21793.3,66,2,Attack
3.516,42,23367.2,8880.1,14487.1,3,1,Normal
0.245,185,33414.8,6164.5,27250.3,64,4,Attack
1.594,39,22048.1,10934.8,11113.3,5,0,Normal
0.62,185,14620.8,1450.5,13170.2,62,5,Attack
0.467,207,69655.1,13491.1,56163.9,89,3,Attack
3.712,37,22277.2,7903.8,14373.4,4,0,Normal
2.42,212,34428.5,10764.7,23663.8,71,1,Attack
2.858,55,29936.5,22362.1,7574.4,8,0,Normal
0.765,183,67951.8,18174.1,49777.7,72,3,Attack
0.525,175,38600.6,11668.5,26932.1,61,5,Attack
3.954,49,25135.2,19492.0,5643.2,8,1,Normal
3.311,188,40742.3,5689.5,35052.8,70,3,Attack
9.67,40,20418.8,17422.1,2996.7,1,0,Normal
2.93,57,27838.8,23185.8,4653.0,3,0,Normal
8.954,50,32681.1,22273.2,10407.9,3,0,Normal
0.565,191,36023.9,15263.2,20760.7,63,5,Attack
0.492,46,23226.4,15134.3,8092.1,7,1,Normal
0.878,46,20267.5,12413.2,7854.2,8,0,Normal
0.295,184,15235.4,1962.8,13272.6,75,3,Attack
3.391,44,24570.7,16705.1,7865.6,2,0,Normal
8.379,49,33523.1,12624.9,20898.2,3,0,Normal
2.203,197,41577.0,18694.5,22882.4,59,3,Attack
1.922,209,44023.5,5204.7,38818.8,81,2,Attack
0.912,186,56872.6,11738.5,45134.1,61,4,Attack
0.202,178,38123.5,15888.2,22235.3,67,5,Attack
0.899,184,39298.4,6173.3,33125.1,68,3,Attack
3.543,41,15261.9,12142.6,3119.3,7,0,Normal
0.782,34,14713.4,10398.2,4315.2,1,1,Normal
0.053,186,38262.2,4841.7,33420.6,65,6,Attack
0.581,214,64618.9,6930.5,57688.4,79,3,Attack
0.184,192,67804.8,15340.6,52464.2,78,4,Attack
1.286,41,22354.3,10160.5,12193.8,3,0,Normal
0.801,38,22228.8,19239.5,2989.3,1,0,Normal
0.69,191,39427.1,7343.2,32083.9,75,2,Attack
0.186,209,33228.0,2353.3,30874.7,68,5,Attack
0.246,42,22436.5,13801.4,8635.1,6,0,Normal
1.247,200,45312.0,14509.1,30802.9,79,2,Attack
0.58,186,82849.2,14108.2,68741.0,67,3,Attack
0.272,193,8654.8,2784.6,5870.2,66,3,Attack
0.266,42,14835.7,8813.7,6022.0,3,0,Normal
3.02,49,28463.7,14009.7,14454.0,4,0,Normal
1.863,36,19853.0,11114.7,8738.4,5,0,Normal
0.574,178,52134.4,17538.4,34596.0,55,3,Attack
3.901,43,24279.9,8698.0,15582.0,3,3,Normal
4.511,51,25195.6,11767.3,13428.4,4,0,Normal
6.87,45,22393.5,8336.9,14056.6,5,0,Normal
1.565,42,23975.0,12864.7,11110.3,3,0,Normal
5.924,55,29490.2,21753.1,7737.1,9,1,Normal
0.652,49,25999.5,18617.5,7382.0,4,0,Normal
1.857,33,17801.6,8934.1,8867.5,2,0,Normal
0.102,190,32024.7,15282.7,16742.0,65,3,Attack
3.031,48,23723.4,8941.7,14781.8,2,1,Normal
4.294,200,50087.6,21193.1,28894.5,73,3,Attack
2.184,45,20698.6,11113.1,9585.6,5,0,Normal
1.107,46,25312.8,16758.2,8554.5,3,1,Normal
9.571,48,26034.5,9566.2,16468.3,5,1,Normal
2.07,47,22726.5,19379.3,3347.2,4,0,Normal
0.161,43,24496.9,12222.8,12274.1,3,0,Normal
0.091,201,63164.8,4035.4,59129.3,71,4,Attack
0.33,219,29481.6,8926.8,20554.8,75,5,Attack
1.469,43,22402.5,9542.0,12860.5,4,3,Normal
2.425,47,28257.6,13734.0,14523.6,3,1,Normal
3.297,42,21029.0,17062.7,3966.2,4,0,Normal
2.619,34,19777.1,17460.1,2316.9,2,0,Normal
1.068,183,34143.1,11107.4,23035.7,54,3,Attack
2.192,39,14870.2,7013.8,7856.3,1,0,Normal
6.536,49,35068.2,21162.7,13905.6,2,0,Normal
0.44,41,16080.4,12379.2,3701.3,3,1,Normal
1.105,56,32628.5,22760.9,9867.6,7,1,Normal
0.791,170,44417.0,14704.2,29712.8,57,1,Attack
0.497,186,29033.4,11793.3,17240.2,55,1,Attack
0.946,54,33356.3,27922.6,5433.7,1,0,Normal
2.802,58,31961.0,17913.8,14047.1,8,1,Normal
3.679,57,32437.9,15353.8,17084.1,5,1,Normal
1.833,187,35158.6,10979.9,24178.7,52,0,Attack
0.308,178,35393.4,4249.5,31143.9,62,2,Attack
0.144,166,62909.2,10914.3,51994.9,64,3,Attack
2.031,178,64553.5,15775.6,48777.9,63,3,Attack
1.376,181,38017.9,6625.8,31392.1,70,3,Attack
0.772,175,51866.2,25509.2,26357.0,61,3,Attack
4.288,38,20419.6,9505.4,10914.2,7,0,Normal
0.915,205,35715.9,13834.8,21881.0,79,5,Attack
0.618,34,14684.6,9090.2,5594.4,3,0,Normal
1.636,181,80784.4,29426.8,51357.6,60,3,Attack
2.736,35,19109.1,13940.4,5168.7,5,0,Normal
5.728,46,28006.9,14267.8,13739.0,3,0,Normal
0.971,182,38435.0,6577.7,31857.3,64,6,Attack
0.512,49,22636.5,16117.9,6518.6,2,2,Normal
9.691,37,19833.4,12740.4,7093.0,4,0,Normal
0.012,194,24558.4,4682.9,19875.5,64,2,Attack
3.623,46,28800.2,18119.0,10681.2,4,0,Normal
2.671,50,25861.4,17678.3,8183.1,7,0,Normal
0.551,51,29464.4,10375.1,19089.2,2,2,Normal
0.45,62,31110.7,13531.0,17579.7,2,0,Normal
2.604,45,16430.4,9531.5,6898.9,5,1,Normal
1.255,52,28360.4,21045.8,7314.6,4,2,Normal
0.27,181,45106.3,21112.5,23993.8,63,2,Attack
1.176,58,28717.4,18007.6,10709.8,4,0,Normal
0.167,193,7775.2,1893.1,5882.1,58,5,Attack
2.108,51,33480.2,28438.9,5041.4,7,0,Normal
1.341,55,31435.9,14422.5,17013.3,5,1,Normal
2.213,54,29754.5,16026.0,13728.6,5,0,Normal
0.836,44,30182.1,14999.6,15182.5,3,1,Normal
0.802,191,57282.0,3560.4,53721.6,57,7,Attack
4.057,171,58998.7,10899.9,48098.7,58,5,Attack
2.669,192,66625.2,4997.9,61627.3,61,3,Attack
0.933,187,56592.8,4192.4,52400.4,65,0,Attack
2.315,35,15157.7,9938.0,5219.7,2,0,Normal
1.084,204,40308.1,12235.0,28073.1,74,2,Attack
2.777,45,20362.1,12312.1,8050.0,5,2,Normal
1.641,47,24633.3,12962.2,11671.0,3,2,Normal
0.959,200,81298.0,10273.1,71024.9,63,3,Attack
0.617,182,45271.3,21850.5,23420.8,56,6,Attack
1.47,50,14912.2,12304.4,2607.8,4,1,Normal
0.009,201,78272.6,32613.4,45659.3,76,1,Attack
0.766,41,23310.1,20023.3,3286.8,5,0,Normal
0.789,176,75390.6,6547.0,68843.6,57,6,Attack
9.964,50,30068.1,19990.4,10077.7,3,0,Normal
0.203,179,56746.9,6244.4,50502.5,57,3,Attack
0.237,174,51564.2,9216.1,42348.2,67,4,Attack
2.215,38,16709.4,10776.4,5933.0,4,1,Normal
3.281,175,43380.5,5783.4,37597.1,55,3,Attack
6.863,55,28180.5,24822.0,3358.4,6,0,Normal
5.395,47,27653.6,22689.4,4964.1,1,0,Normal
1.118,36,18662.1,13132.4,5529.7,0,0,Normal
0.559,192,55339.1,27175.3,28163.9,68,4,Attack
4.311,199,34527.3,14139.2,20388.1,71,2,Attack
3.106,48,25240.0,20961.9,4278.1,7,1,Normal
0.909,199,62644.1,28867.2,33776.9,62,2,Attack
2.307,47,23671.9,16863.0,6809.0,4,0,Normal
1.595,42,13928.7,7388.4,6540.3,2,1,Normal
2.099,173,49950.2,7085.3,42864.9,66,3,Attack
3.202,57,37655.4,15737.3,21918.1,4,1,Normal
1.837,46,27130.8,11317.0,15813.8,2,1,Normal
1.934,59,26549.5,13551.6,12997.9,2,0,Normal
0.744,48,24493.1,14073.6,10419.5,5,0,Normal
0.701,49,33537.5,24907.3,8630.2,1,0,Normal
0.931,46,25863.1,19274.8,6588.3,0,0,Normal
0.403,183,34525.7,5421.2,29104.5,54,5,Attack
1.575,212,23422.9,9627.8,13795.1,69,6,Attack
0.784,45,17996.2,11557.9,6438.3,3,1,Normal
3.137,47,25520.3,9549.3,15971.0,2,0,Normal
6.449,36,14447.3,11310.6,3136.7,2,1,Normal
1.679,48,15936.1,13479.8,2456.3,8,0,Normal
3.236,48,27356.9,18217.1,9139.8,2,0,Normal
0.103,196,51226.9,16905.9,34321.1,77,5,Attack
1.265,199,11426.0,1317.2,10108.9,76,4,Attack
1.35,48,26042.2,20856.7,5185.5,3,0,Normal
4.059,46,27802.2,20667.1,7135.1,2,0,Normal
0.323,178,51624.1,17112.8,34511.3,69,4,Attack
1.454,49,26649.9,19011.0,7638.9,4,0,Normal
3.043,47,25952.9,9455.4,16497.5,0,1,Normal
4.51,38,21296.7,11965.4,9331.3,5,3,Normal
1.664,57,42000.1,27965.7,14034.4,6,0,Normal
1.653,173,51873.7,21243.8,30629.9,55,5,Attack
1.641,45,27528.7,22604.8,4923.8,3,0,Normal
5.334,46,23616.1,14683.1,8933.0,2,0,Normal
0.35,37,22646.5,14510.0,8136.5,3,0,Normal
0.09,196,25168.3,8210.5,16957.8,66,2,Attack
0.827,46,20970.7,15095.6,5875.1,1,0,Normal
2.607,45,26850.6,10296.3,16554.3,7,2,Normal
6.575,43,20743.2,15450.8,5292.4,1,0,Normal
5.627,56,28273.9,23323.6,4950.3,6,0,Normal
0.134,179,39800.2,4587.0,35213.3,63,5,Attack
0.039,170,52072.0,25071.0,27001.0,55,4,Attack
1.04,50,23807.4,21252.6,2554.7,3,0,Normal
2.68,47,18700.0,15657.3,3042.8,2,1,Normal
0.297,204,75820.9,37115.2,38705.7,78,5,Attack
2.402,42,20527.0,18085.7,2441.3,4,0,Normal
0.434,212,43266.7,7893.6,35373.1,64,3,Attack
1.602,45,18612.4,16239.9,2372.5,5,0,Normal
0.556,184,40741.0,17829.9,22911.2,61,5,Attack
0.464,196,14306.0,4045.4,10260.6,68,4,Attack
0.525,224,29135.4,11885.3,17250.1,72,4,Attack
4.439,50,28036.5,20962.6,7073.9,7,0,Normal
1.894,43,28599.3,16352.6,12246.7,7,1,Normal
1.038,37,17105.7,10892.2,6213.5,4,0,Normal
3.801,180,36321.3,5927.2,30394.1,58,3,Attack
3.647,45,27397.4,11943.2,15454.2,5,0,Normal
2.456,39,26231.8,12233.2,13998.6,4,0,Normal
0.013,202,24672.3,7868.2,16804.1,71,1,Attack
1.116,59,14590.9,13113.8,1477.1,3,0,Normal
3.967,47,26286.4,10763.5,15522.9,1,1,Normal
0.274,174,80671.6,4642.1,76029.4,53,3,Attack
0.602,38,22179.0,19707.7,2471.3,6,0,Normal
3.087,49,22608.6,10475.7,12132.9,4,0,Normal
2.302,166,64852.7,26833.3,38019.5,52,2,Attack
7.018,42,14440.4,12188.1,2252.3,5,0,Normal
0.028,196,53458.1,6138.5,47319.6,75,2,Attack
0.596,36,17862.0,15149.7,2712.3,5,0,Normal
1.459,46,25595.1,9855.8,15739.4,2,1,Normal
2.67,46,22990.5,16559.4,6431.1,4,1,Normal
1.359,53,26378.8,19674.0,6704.8,7,0,Normal
2.018,178,50618.1,5655.7,44962.5,66,2,Attack
1.188,40,16795.9,11920.7,4875.2,5,1,Normal
2.507,43,22456.8,19649.5,2807.4,1,0,Normal
1.258,43,17452.2,9970.1,7482.1,5,2,Normal
0.021,163,53867.8,18349.6,35518.2,46,5,Attack
0.069,195,77216.0,20708.5,56507.5,68,4,Attack
1.652,52,28692.9,21335.9,7357.0,4,0,Normal
1.006,196,57006.8,7579.3,49427.6,66,4,Attack
1.884,51,32551.6,16172.7,16378.8,4,1,Normal
0.327,181,46043.9,6644.9,39399.0,60,3,Attack
0.865,40,21502.2,11308.8,10193.4,3,0,Normal
2.36,189,72997.7,34377.6,38620.0,61,2,Attack
1.216,42,16585.6,6423.9,10161.7,5,0,Normal
2.639,47,30183.5,10843.6,19340.0,4,0,Normal
2.02,32,18471.8,10272.9,8198.9,3,0,Normal
2.446,43,21938.0,8051.4,13886.6,2,0,Normal
2.436,190,40731.9,10480.9,30251.0,69,3,Attack
1.134,178,34351.7,15351.6,19000.1,61,2,Attack
0.647,41,21294.1,16762.8,4531.3,3,3,Normal
3.795,181,41525.4,3855.4,37670.0,66,4,Attack
0.45,161,35984.5,11847.7,24136.8,64,4,Attack
0.775,189,55012.5,21338.7,33673.8,68,3,Attack
6.044,40,21467.7,17950.2,3517.4,4,0,Normal
3.21,45,25564.0,16727.9,8836.1,5,2,Normal
0.284,174,42052.5,3200.3,38852.2,68,2,Attack
2.255,42,23465.2,18186.8,5278.4,4,1,Normal
1.306,170,68846.8,12251.1,56595.7,54,4,Attack
1.339,178,45684.8,19375.3,26309.5,62,4,Attack
1.678,34,20598.6,15316.6,5282.0,4,0,Normal
1.535,175,51416.3,23777.1,27639.1,61,3,Attack
1.109,174,64208.3,3546.9,60661.4,58,2,Attack
0.996,50,19896.6,7751.7,12144.9,4,0,Normal
7.945,43,18962.9,16618.6,2344.3,5,0,Normal
3.883,180,38733.7,7989.0,30744.8,57,2,Attack
5.185,48,25353.3,13509.4,11843.9,4,1,Normal
4.342,38,20913.3,15278.3,5634.9,5,0,Normal
0.075,194,58358.9,20161.8,38197.1,77,3,Attack
0.918,184,70826.4,6432.0,64394.5,68,4,Attack
2.041,200,91724.4,36497.0,55227.4,68,3,Attack
0.293,195,88080.1,34944.2,53135.9,70,4,Attack
4.547,43,24329.0,20856.9,3472.2,3,0,Normal
1.785,47,16130.6,8459.6,7671.0,5,0,Normal
1.767,45,17974.4,14999.0,2975.4,1,0,Normal
0.725,184,73905.2,25668.6,48236.7,54,2,Attack
1.366,179,69640.5,21047.6,48592.9,65,6,Attack
15.091,36,14132.2,6838.0,7294.2,2,1,Normal
1.86,50,28804.1,18550.0,10254.2,3,0,Normal
2.397,45,23248.5,19000.3,4248.2,3,1,Normal
0.47,174,28867.6,5536.1,23331.5,59,2,Attack
1.849,195,41593.0,13538.8,28054.2,78,3,Attack
2.098,61,31459.7,24568.2,6891.5,5,0,Normal
0.956,187,18743.8,2048.3,16695.5,77,5,Attack
2.284,39,26252.7,14262.9,11989.8,2,0,Normal
1.281,196,39306.4,14568.1,24738.3,61,2,Attack
2.907,43,18801.8,8538.5,10263.3,3,0,Normal
2.829,45,28534.8,23353.1,5181.7,4,0,Normal
5.232,59,31049.2,26432.8,4616.5,3,1,Normal
0.467,196,96641.9,9399.8,87242.1,71,6,Attack
1.629,188,33315.1,15955.9,17359.3,63,4,Attack
3.562,50,25444.4,13008.0,12436.3,2,0,Normal
4.186,41,28199.8,12566.7,15633.1,5,1,Normal
0.209,53,19680.0,9660.2,10019.8,4,0,Normal
3.454,189,23973.2,6320.2,17653.0,79,3,Attack
0.428,203,55911.5,26021.9,29889.6,70,6,Attack
2.126,197,31350.0,7470.6,23879.4,69,3,Attack
1.364,174,67023.2,5912.3,61110.9,69,5,Attack
4.023,44,22510.5,8627.3,13883.2,4,1,Normal
0.916,194,66057.1,29312.3,36744.8,77,5,Attack
3.949,44,21938.4,8661.6,13276.7,4,1,Normal
3.637,49,24851.3,17204.3,7647.0,3,0,Normal
2.327,45,27767.2,10147.0,17620.3,5,1,Normal
4.506,47,24879.0,19181.9,5697.1,4,0,Normal
0.495,196,51285.0,14246.0,37039.0,57,4,Attack
1.357,34,16615.9,13089.8,3526.1,1,0,Normal
0.988,182,34648.3,14352.5,20295.8,77,3,Attack
2.153,34,16173.8,8454.7,7719.1,2,1,Normal
3.08,42,22407.0,14277.7,8129.3,1,1,Normal
0.57,69,42050.4,15222.0,26828.5,3,0,Normal
0.774,183,49413.8,4656.0,44757.8,54,2,Attack
2.718,45,20750.4,16467.4,4283.0,2,0,Normal
10.534,51,21118.1,18713.1,2405.0,4,0,Normal
0.468,207,52635.0,23732.7,28902.4,78,6,Attack
3.088,54,27270.4,20297.6,6972.8,5,1,Normal
1.222,53,20838.5,12619.3,8219.2,4,0,Normal
5.084,43,17673.9,12429.4,5244.5,3,1,Normal
0.529,164,27217.9,3522.2,23695.7,62,3,Attack
1.609,177,19920.7,7036.4,12884.3,53,4,Attack
0.749,41,23420.2,11601.9,11818.3,2,0,Normal
0.346,190,32336.9,10655.7,21681.2,64,3,Attack
2.085,45,30561.7,12319.1,18242.6,5,1,Normal
2.72,47,23133.7,13829.2,9304.4,2,0,Normal
0.826,172,49201.6,16685.8,32515.8,61,3,Attack
4.834,46,22655.5,14950.6,7705.0,1,0,Normal
0.179,205,44341.0,18198.2,26142.8,81,3,Attack
0.611,177,70495.0,14801.0,55694.1,57,3,Attack
7.435,48,25484.9,21308.6,4176.3,3,0,Normal
3.828,41,22754.8,19351.4,3403.5,4,1,Normal
7.12,42,21908.2,16196.6,5711.7,3,0,Normal
0.089,190,13129.0,1988.6,11140.4,75,4,Attack
0.907,181,64984.6,16903.1,48081.6,68,5,Attack
9.306,50,25678.4,11172.6,14505.8,9,2,Normal
1.101,43,21043.6,10381.3,10662.3,7,0,Normal
0.9,180,58441.0,3565.6,54875.5,75,4,Attack
2.073,191,52833.8,23054.6,29779.2,72,5,Attack
0.656,189,41118.1,12856.2,28261.9,66,3,Attack
1.738,43,20863.7,8314.0,12549.7,5,1,Normal
2.037,38,22839.0,11807.1,11031.9,7,0,Normal
3.818,35,19769.5,9967.0,9802.5,2,1,Normal
4.806,48,26538.1,11417.8,15120.3,4,0,Normal
1.256,42,16318.7,9159.3,7159.3,6,0,Normal
3.294,46,28103.7,20026.9,8076.8,3,1,Normal
4.799,49,24425.4,16394.6,8030.8,5,0,Normal
1.537,177,55086.0,21505.1,33581.0,74,4,Attack
3.799,63,26691.8,14778.7,11913.1,5,0,Normal
3.893,53,26955.9,12740.5,14215.3,6,0,Normal
3.034,36,16692.8,9586.3,7106.6,4,1,Normal
1.74,191,30890.7,11070.3,19820.4,60,2,Attack
1.395,178,58283.2,28888.1,29395.1,75,3,Attack
3.158,36,21390.5,13615.2,7775.3,2,1,Normal
2.16,202,49348.6,4546.5,44802.1,79,3,Attack
2.106,184,73221.7,16928.7,56293.1,61,6,Attack
1.595,182,42979.6,18957.1,24022.5,63,5,Attack
1.675,43,26297.4,22906.6,3390.8,2,0,Normal
0.102,219,36292.1,12361.2,23930.9,68,4,Attack
1.295,220,44350.4,15127.0,29223.4,69,4,Attack
1.593,186,34181.9,15479.0,18702.9,69,3,Attack
1.253,173,34457.5,6678.0,27779.4,61,3,Attack
2.689,42,26224.8,14765.1,11459.8,1,0,Normal
1.92,50,32999.0,21137.9,11861.1,8,0,Normal
1.489,183,86198.5,29213.1,56985.4,67,2,Attack
1.569,190,53172.4,3445.4,49727.0,69,3,Attack
6.736,46,26011.4,11359.3,14652.1,4,1,Normal
4.937,52,30225.3,21241.7,8983.6,5,0,Normal
0.364,185,48786.0,15980.0,32806.1,69,3,Attack
3.658,60,30360.3,16876.3,13484.1,5,0,Normal
1.024,177,44982.6,3246.8,41735.8,61,4,Attack
0.368,171,24809.7,8355.9,16453.8,56,2,Attack
0.771,184,55278.9,11528.0,43750.9,56,3,Attack
2.225,44,21724.9,15492.0,6233.0,1,0,Normal
3.5,40,23025.2,20353.3,2671.9,2,0,Normal
0.946,50,26954.3,9534.5,17419.8,4,0,Normal
1.12,30,16150.0,8302.4,7847.6,4,1,Normal
1.7,185,89590.7,41387.2,48203.5,72,2,Attack
1.652,195,56624.0,19631.9,36992.1,62,3,Attack
4.673,38,19810.2,9132.5,10677.7,3,0,Normal
6.473,52,23513.0,20586.6,2926.4,1,0,Normal
1.435,45,22571.5,19315.4,3256.1,2,0,Normal
5.178,44,22312.8,18378.7,3934.1,5,1,Normal
2.17,36,24863.5,21822.0,3041.6,2,1,Normal
2.687,46,23354.9,17676.8,5678.1,5,0,Normal
0.89,50,18554.4,7043.6,11510.9,3,0,Normal
1.021,42,15920.3,13762.2,2158.1,0,0,Normal
5.181,164,56403.4,24025.9,32377.5,62,7,Attack
0.174,37,17569.6,7301.2,10268.5,3,0,Normal
0.614,40,24724.9,20845.8,3879.1,5,0,Normal
0.093,179,14828.7,887.2,13941.5,66,4,Attack
0.505,37,16247.3,5737.8,10509.6,3,0,Normal
0.607,44,25627.5,22081.5,3546.0,3,0,Normal
0.868,195,77705.4,4604.5,73100.8,66,2,Attack
1.534,40,21032.2,11791.0,9241.2,1,1,Normal
1.233,56,30638.4,24002.9,6635.5,6,0,Normal
1.101,176,46489.1,13436.1,33053.0,67,2,Attack
4.365,38,21798.7,10287.3,11511.3,4,0,Normal
1.093,47,22111.4,17393.6,4717.8,5,0,Normal
2.777,49,20733.8,13015.3,7718.5,2,2,Normal
0.195,169,46464.2,15023.2,31441.0,47,2,Attack
1.058,37,26485.5,18388.5,8097.0,4,1,Normal
1.166,43,20183.0,13664.2,6518.9,4,0,Normal
2.564,165,68615.7,6940.2,61675.5,49,3,Attack
0.67,46,26757.4,13174.5,13582.9,4,1,Normal
0.787,199,95132.5,46342.1,48790.5,72,2,Attack
0.618,193,65699.1,28407.3,37291.8,57,2,Attack
1.158,182,70480.1,27264.3,43215.8,64,5,Attack
3.58,55,27506.9,11312.6,16194.4,3,0,Normal
1.684,45,26617.7,21191.8,5426.0,5,0,Normal
3.054,174,29559.4,10060.0,19499.4,61,2,Attack
2.762,46,20806.8,15500.7,5306.1,4,2,Normal
0.859,176,57732.5,2965.6,54766.9,68,2,Attack
1.742,187,46266.5,13957.4,32309.1,59,6,Attack
3.399,50,27866.0,24666.5,3199.5,6,1,Normal
1.004,195,48837.1,10463.2,38373.9,74,6,Attack
1.207,188,31344.8,3897.4,27447.4,65,3,Attack
4.891,46,21787.0,12871.4,8915.6,5,0,Normal
1.289,44,27845.9,10904.8,16941.1,4,2,Normal
0.935,50,27890.7,19413.6,8477.1,7,0,Normal
0.067,189,59285.7,4152.9,55132.7,73,6,Attack
0.698,56,27631.5,17006.8,10624.7,7,0,Normal
5.99,36,21390.4,15991.4,5399.0,3,0,Normal
0.345,161,43688.7,20636.0,23052.8,44,6,Attack
1.541,33,11936.3,6435.5,5500.9,1,0,Normal
1.102,192,67665.2,12003.5,55661.7,64,3,Attack
4.866,61,32722.1,25815.3,6906.9,4,0,Normal
0.683,37,16947.9,9280.7,7667.2,4,0,Normal
1.476,193,35027.0,9747.0,25280.0,72,4,Attack
5.823,47,27808.1,11942.2,15866.0,6,0,Normal
4.66,177,89036.4,10238.4,78798.0,64,4,Attack
5.589,50,33694.5,25727.4,7967.1,0,0,Normal
0.543,161,7831.7,586.1,7245.6,49,7,Attack
2.756,36,19849.1,12555.3,7293.9,2,0,Normal
0.926,180,7330.2,1064.4,6265.7,60,5,Attack
4.704,206,57375.7,17389.5,39986.2,69,0,Attack
0.243,206,48070.2,6717.5,41352.8,69,6,Attack
4.349,48,31199.2,15390.1,15809.1,3,0,Normal
1.071,174,24633.1,8172.0,16461.1,69,2,Attack
1.075,193,49715.6,6236.9,43478.7,55,6,Attack
1.018,42,18497.0,13242.7,5254.3,3,1,Normal
6.509,44,29598.9,21905.5,7693.5,6,1,Normal
2.697,69,31926.5,18127.7,13798.8,4,0,Normal
0.672,39,25256.2,12684.6,12571.6,4,0,Normal
1.294,50,25373.8,22810.7,2563.2,2,1,Normal
4.181,54,29716.7,20202.5,9514.2,5,0,Normal
0.139,53,26680.5,12493.5,14187.0,5,0,Normal
6.606,41,25110.9,16840.4,8270.4,2,1,Normal
1.269,50,27146.4,21154.7,5991.7,9,0,Normal
2.392,48,26826.8,18513.8,8313.1,3,1,Normal
0.368,45,19152.1,10523.4,8628.7,4,0,Normal
0.924,56,30542.8,14216.3,16326.5,8,0,Normal
5.003,46,22930.0,12525.6,10404.4,3,1,Normal
0.581,42,19127.7,12397.5,6730.2,4,0,Normal
0.467,178,35925.8,7022.8,28903.0,61,2,Attack
0.997,188,76925.2,32415.0,44510.2,64,5,Attack
4.751,55,30495.2,19559.8,10935.4,6,0,Normal
2.04,57,28144.8,19586.0,8558.8,4,3,Normal
0.857,54,30007.3,20382.9,9624.4,3,0,Normal
3.011,54,31465.8,14775.9,16689.9,5,2,Normal
1.336,203,75940.3,22819.9,53120.3,90,2,Attack
0.629,177,38016.9,14822.2,23194.7,55,3,Attack
0.48,194,29079.5,4403.6,24675.9,70,2,Attack
1.949,45,21678.2,15172.5,6505.7,3,1,Normal
3.067,40,20772.3,15760.7,5011.7,0,0,Normal
2.449,188,47678.5,19100.2,28578.3,75,4,Attack
0.6,194,52963.2,11214.7,41748.4,61,3,Attack
1.098,47,20222.9,16855.3,3367.6,2,2,Normal
1.241,57,32422.2,11594.7,20827.5,5,1,Normal
2.817,52,24221.6,17780.2,6441.4,5,0,Normal
7.795,46,26248.8,17815.1,8433.7,2,1,Normal
1.372,193,30379.6,7234.3,23145.2,63,3,Attack
7.666,47,18744.0,6617.1,12126.9,4,0,Normal
0.417,178,55929.3,17907.1,38022.2,67,1,Attack
1.716,49,29982.1,21242.9,8739.2,3,0,Normal
2.765,42,21670.1,18334.1,3336.0,2,0,Normal
4.505,41,20790.8,18173.6,2617.1,5,0,Normal
1.49,174,53204.1,14216.6,38987.4,63,1,Attack
1.932,59,39733.7,32226.9,7506.8,5,1,Normal
0.472,195,38500.6,6056.8,32443.8,82,5,Attack
1.113,50,27255.9,10826.8,16429.0,2,0,Normal
3.32,187,33184.3,6715.5,26468.8,68,3,Attack
2.372,59,31385.6,22667.5,8718.1,6,0,Normal
3.053,42,20649.1,9122.3,11526.7,4,0,Normal
0.974,177,41738.6,10760.4,30978.2,60,3,Attack
3.456,190,71388.3,28500.8,42887.5,69,0,Attack
1.427,188,20916.8,6519.8,14397.0,60,2,Attack
3.219,209,58193.8,22914.3,35279.5,65,4,Attack
3.318,49,25499.4,14421.2,11078.2,1,0,Normal
0.189,211,31573.2,3285.9,28287.3,75,3,Attack
2.174,36,16143.1,11373.4,4769.7,4,0,Normal
0.807,66,26808.7,22434.7,4374.0,4,0,Normal
2.042,57,26813.0,10987.8,15825.2,10,1,Normal
2.506,42,17862.2,13406.7,4455.5,0,0,Normal
0.76,205,26444.6,10884.7,15559.9,77,1,Attack
0.886,197,22667.9,5863.9,16804.0,70,5,Attack
2.94,206,47607.2,7414.0,40193.3,72,1,Attack
3.038,51,22097.7,8822.2,13275.5,3,0,Normal
0.45,51,24298.2,10005.7,14292.4,6,0,Normal
0.353,196,70868.1,11267.7,59600.4,69,3,Attack
5.049,40,23765.0,18014.8,5750.2,3,0,Normal
1.237,198,17900.7,5061.1,12839.6,61,2,Attack
3.078,58,34496.9,18994.4,15502.5,3,0,Normal
0.193,169,42782.6,19330.6,23452.0,47,5,Attack
3.105,51,29225.9,12261.0,16964.9,7,1,Normal
0.402,70,35242.1,13255.1,21987.0,6,1,Normal
1.461,39,20913.9,9438.7,11475.1,3,0,Normal
1.611,41,25041.3,9381.0,15660.2,1,0,Normal
0.446,51,27189.7,21345.3,5844.4,4,0,Normal
2.915,48,27432.9,20397.0,7036.0,0,1,Normal
0.182,182,42729.6,12073.6,30656.0,66,5,Attack
1.238,38,29189.7,16203.7,12986.0,4,0,Normal
0.313,179,63664.0,10636.0,53028.0,62,3,Attack
3.893,47,21121.5,10548.8,10572.7,3,0,Normal
1.186,52,29499.6,20809.0,8690.6,5,0,Normal
0.295,45,27006.2,9742.5,17263.6,2,1,Normal
0.936,180,35050.5,14009.6,21041.0,63,1,Attack
1.435,204,9164.5,3611.6,5552.9,67,4,Attack
4.776,37,18392.5,16017.8,2374.8,3,0,Normal
2.186,49,31487.9,17413.7,14074.2,5,1,Normal
2.497,169,56428.9,26599.8,29829.1,54,4,Attack
2.971,50,29771.8,17838.2,11933.6,7,1,Normal
0.659,203,68402.8,22121.4,46281.4,75,2,Attack
3.41,52,30133.4,15968.8,14164.6,2,0,Normal
4.109,39,26739.6,20670.1,6069.6,5,0,Normal
0.263,177,64040.3,25266.9,38773.5,63,4,Attack
2.48,46,21368.2,11914.2,9454.0,2,2,Normal
2.68,50,30195.6,15739.9,14455.8,3,0,Normal
0.384,202,67897.2,14601.0,53296.2,82,2,Attack
1.013,172,6880.0,346.1,6533.9,71,2,Attack
0.17,187,72542.2,29289.5,43252.7,64,4,Attack
6.244,51,23549.8,18717.3,4832.5,4,0,Normal
3.551,35,15443.0,11157.4,4285.6,6,0,Normal
2.041,43,23572.3,19993.3,3579.1,2,0,Normal
1.17,50,23870.5,19523.8,4346.7,1,2,Normal
0.261,41,19171.9,12593.6,6578.4,4,0,Normal
1.839,200,62338.3,25325.4,37012.9,81,2,Attack
2.234,195,62005.8,27796.8,34209.0,73,1,Attack
0.024,196,43391.1,20619.1,22772.0,60,4,Attack
1.918,46,25857.7,15538.9,10318.8,3,0,Normal
0.59,213,68955.7,18030.1,50925.5,67,2,Attack
4.593,44,26528.0,18514.5,8013.6,1,1,Normal
0.335,173,58346.2,13557.7,44788.5,55,4,Attack
1.945,43,20433.8,15932.6,4501.2,4,0,Normal
5.999,35,16619.4,6314.4,10305.0,6,0,Normal
3.776,46,21776.9,14134.8,7642.1,2,0,Normal
1.104,45,21832.5,10340.7,11491.9,2,0,Normal
3.979,170,14835.7,6696.1,8139.6,48,1,Attack
5.222,48,26291.3,14840.2,11451.1,4,0,Normal
2.897,38,16372.3,9488.3,6884.0,5,0,Normal
1.492,47,33567.3,19580.6,13986.7,5,1,Normal
0.585,198,74209.8,29561.9,44647.9,76,6,Attack
0.591,212,64762.2,25895.1,38867.1,80,5,Attack
0.812,195,44120.2,16526.5,27593.7,65,4,Attack
0.951,208,44469.8,12094.9,32375.0,77,2,Attack
2.496,41,23284.2,13617.9,9666.2,4,0,Normal
2.96,48,21666.1,16660.6,5005.5,2,0,Normal
4.269,33,15725.3,12155.2,3570.1,0,0,Normal
1.355,196,55647.0,15365.9,40281.1,64,4,Attack
2.53,195,60133.2,13849.6,46283.6,61,1,Attack
2.196,172,27941.9,2385.1,25556.9,58,3,Attack
1.198,204,66593.3,15782.6,50810.7,81,5,Attack
1.007,207,105143.7,47523.2,57620.4,74,3,Attack
1.103,188,64185.7,9117.6,55068.1,65,5,Attack
4.153,36,18594.9,12663.5,5931.4,3,0,Normal
2.688,39,19090.8,6757.1,12333.7,3,0,Normal
3.228,45,24848.3,21091.9,3756.4,1,0,Normal
0.514,210,62119.7,27731.8,34387.9,82,2,Attack
1.751,182,62671.9,27862.5,34809.4,56,4,Attack
0.632,56,25898.5,22258.6,3639.9,2,0,Normal
5.339,48,24829.3,10135.4,14694.0,3,0,Normal
0.436,168,41845.0,5747.3,36097.7,53,2,Attack
2.116,50,23231.7,9143.5,14088.2,7,0,Normal
1.147,182,51717.6,22759.4,28958.2,65,2,Attack
1.741,176,57305.6,21588.5,35717.0,59,2,Attack
2.084,215,53575.8,16507.4,37068.4,76,4,Attack
6.569,52,34452.7,30571.7,3881.0,3,1,Normal
0.939,198,36402.1,4308.6,32093.5,59,3,Attack
1.771,181,37103.7,2170.8,34933.0,72,3,Attack
5.054,38,18195.6,6962.5,11233.1,4,1,Normal
3.484,52,25053.9,11144.0,13909.9,3,0,Normal
1.596,42,18305.5,11404.8,6900.8,4,0,Normal
5.073,49,34388.8,22830.7,11558.2,4,0,Normal
2.063,41,25618.2,20971.0,4647.2,5,0,Normal
0.481,194,29763.5,2356.5,27407.1,66,3,Attack
0.377,198,48228.4,7119.9,41108.4,64,6,Attack
0.591,173,39397.7,19583.3,19814.4,59,3,Attack
6.683,46,26598.0,13519.9,13078.1,3,0,Normal
1.097,177,55749.4,9669.0,46080.4,59,3,Attack
2.203,32,13503.2,7326.5,6176.6,2,0,Normal
1.337,160,54063.1,12504.4,41558.8,64,5,Attack
1.837,52,31095.9,22756.9,8339.0,6,0,Normal
8.542,40,21893.4,12512.9,9380.5,3,1,Normal
7.894,41,20649.7,7451.1,13198.6,1,1,Normal
0.21,184,56164.4,9816.6,46347.8,55,6,Attack
1.032,234,123548.0,6910.0,116638.0,64,3,Attack
0.884,218,64995.0,5038.7,59956.3,72,6,Attack
4.594,43,24001.3,20306.1,3695.2,7,0,Normal
0.392,198,48469.5,19406.1,29063.4,66,3,Attack
5.537,41,19208.5,14523.1,4685.4,3,0,Normal
2.028,44,17770.0,15992.8,1777.2,3,0,Normal
0.071,191,39420.3,10382.3,29038.0,70,1,Attack
2.085,192,30133.3,10094.0,20039.3,62,5,Attack
2.069,54,28861.7,17863.3,10998.4,6,0,Normal
0.184,39,16818.6,7095.2,9723.4,3,0,Normal
1.77,182,31967.5,4487.7,27479.8,60,4,Attack
0.831,195,50265.1,15551.7,34713.4,66,3,Attack
2.457,191,28513.1,4218.9,24294.2,70,5,Attack
4.969,39,22977.5,16935.3,6042.2,3,0,Normal
2.971,42,16771.9,13333.2,3438.6,3,2,Normal
1.368,208,49993.8,13018.3,36975.5,77,4,Attack
3.322,57,32938.1,21101.7,11836.4,8,0,Normal
1.829,185,35928.4,14703.2,21225.3,65,3,Attack
2.095,46,27697.2,21483.2,6214.1,4,0,Normal
0.656,40,21327.0,17203.2,4123.8,2,2,Normal
5.312,40,24878.7,9164.6,15714.1,3,1,Normal
3.888,45,23204.3,17200.4,6004.0,3,1,Normal
0.75,188,63225.7,10805.1,52420.6,67,3,Attack
0.904,174,51653.6,15804.4,35849.3,52,5,Attack
2.903,49,34446.8,22581.2,11865.6,3,0,Normal
0.369,196,58033.5,21200.2,36833.2,69,1,Attack
0.127,183,37843.5,6972.2,30871.4,64,6,Attack
7.062,53,35935.5,14553.0,21382.5,3,0,Normal
2.693,40,22875.4,11468.4,11407.1,2,0,Normal
0.917,172,54557.9,10547.9,44010.0,65,3,Attack
0.352,179,46571.2,4599.8,41971.4,60,3,Attack
4.231,198,57065.5,17399.8,39665.8,71,2,Attack
1.88,42,19985.2,13539.3,6445.9,3,1,Normal
4.035,47,18008.6,14592.8,3415.8,3,1,Normal
2.802,49,31303.2,26499.8,4803.5,3,0,Normal
3.544,33,18802.8,10438.7,8364.1,2,1,Normal
0.547,191,30630.5,12277.4,18353.1,67,3,Attack
1.129,186,63158.4,20999.6,42158.8,70,2,Attack
2.843,39,18874.6,7559.8,11314.8,3,0,Normal
3.933,37,22757.5,17719.9,5037.7,3,0,Normal
0.952,172,65393.8,14259.8,51133.9,61,5,Attack
0.221,49,29915.2,18600.9,11314.3,2,1,Normal
0.844,179,61265.9,7093.7,54172.2,57,2,Attack
0.203,214,14492.9,6005.3,8487.7,79,3,Attack
4.111,35,20030.3,8633.7,11396.6,6,0,Normal
3.381,54,26627.9,14291.3,12336.6,5,1,Normal
4.501,40,23962.5,10921.1,13041.4,3,1,Normal
0.577,51,22200.8,10068.6,12132.2,2,1,Normal
13.12,58,27697.7,24709.1,2988.6,5,0,Normal
1.005,55,34505.6,15363.9,19141.7,9,1,Normal
2.611,54,26923.9,13773.7,13150.2,7,0,Normal
2.173,199,40824.7,4122.1,36702.6,72,4,Attack
1.434,55,36537.3,19232.3,17305.0,1,0,Normal
1.615,205,19973.3,8739.9,11233.4,79,3,Attack
8.057,39,22522.1,12209.8,10312.3,3,1,Normal
3.519,55,27388.6,21687.5,5701.2,4,0,Normal
0.914,62,28281.2,15516.3,12764.9,3,2,Normal
0.663,188,85145.5,16079.7,69065.8,69,5,Attack
2.521,60,31101.6,23413.8,7687.8,5,0,Normal
3.926,46,25629.2,15766.1,9863.1,2,0,Normal
3.547,53,27679.8,23191.9,4487.9,5,0,Normal
5.307,40,10777.9,9661.4,1116.5,4,1,Normal
2.155,167,32040.2,9646.8,22393.4,51,4,Attack
3.72,38,20280.2,9623.7,10656.4,7,0,Normal
3.442,58,39826.1,35000.9,4825.2,3,0,Normal
0.376,188,42495.6,19342.7,23152.9,66,5,Attack
1.97,211,66147.8,24751.2,41396.6,81,1,Attack
9.803,42,18465.8,8909.9,9555.9,7,1,Normal
9.781,49,25075.1,20208.3,4866.8,3,1,Normal
2.75,185,54654.8,2947.2,51707.6,52,0,Attack
0.877,177,56661.5,6736.0,49925.5,65,4,Attack
0.233,173,51748.2,3945.7,47802.5,60,5,Attack
1.558,199,63874.6,15271.1,48603.5,68,2,Attack
1.113,200,57754.7,14335.9,43418.8,72,4,Attack
0.148,187,68538.0,23754.5,44783.4,62,2,Attack
0.589,197,41631.2,7390.6,34240.6,77,3,Attack
0.758,49,26803.0,20433.3,6369.7,2,0,Normal
2.305,46,24973.2,21098.1,3875.1,4,1,Normal
2.228,37,14889.2,11517.6,3371.7,2,0,Normal
2.167,46,28574.4,17356.0,11218.4,1,0,Normal
3.014,175,48936.1,5827.6,43108.5,61,1,Attack
0.386,203,84706.2,34602.9,50103.3,65,5,Attack
4.524,32,12126.5,6360.2,5766.3,1,0,Normal
0.307,191,55780.5,3937.1,51843.4,69,3,Attack
3.631,54,23945.1,11898.3,12046.8,7,0,Normal
0.752,44,21784.6,12837.6,8947.0,1,1,Normal
0.601,186,33358.3,6564.0,26794.3,54,3,Attack
0.651,199,59664.0,22082.5,37581.5,83,6,Attack
1.309,53,28541.8,25090.4,3451.4,8,1,Normal
0.474,191,29872.4,4851.2,25021.2,74,5,Attack
3.439,35,13031.5,10425.7,2605.8,2,0,Normal
2.058,177,65756.0,30700.4,35055.6,66,1,Attack
3.017,35,16498.9,8524.1,7974.8,0,1,Normal
3.247,48,26625.7,17555.3,9070.4,4,0,Normal
1.435,42,24285.4,14168.1,10117.3,5,0,Normal
11.23,36,21895.1,10482.4,11412.7,2,0,Normal
1.564,37,18668.2,16561.9,2106.4,1,0,Normal
0.703,204,72204.8,35603.3,36601.5,70,4,Attack
2.821,40,25552.5,10991.3,14561.2,4,1,Normal
3.39,45,25634.7,17305.9,8328.8,2,1,Normal
2.475,46,27099.7,23105.4,3994.3,5,1,Normal
2.799,38,25512.2,10549.7,14962.5,4,0,Normal
0.481,196,34371.4,10107.5,24263.9,68,2,Attack
4.233,57,28793.6,11750.2,17043.4,5,1,Normal
8.013,57,34790.9,13585.4,21205.5,4,0,Normal
0.697,195,53891.0,13273.3,40617.7,77,4,Attack
4.68,46,22030.5,13016.7,9013.8,2,1,Normal
0.125,196,48597.6,6180.6,42417.1,76,4,Attack
1.365,46,24082.6,21244.6,2838.0,1,0,Normal
0.329,217,33654.5,9574.5,24080.0,78,4,Attack
5.581,204,36104.3,10767.7,25336.7,61,5,Attack
4.003,43,25210.8,15039.9,10170.9,7,0,Normal
4.146,48,31524.6,15279.6,16245.0,8,1,Normal
0.218,37,17355.8,13437.0,3918.8,2,0,Normal
6.736,39,11610.6,6583.3,5027.2,5,0,Normal
5.365,42,20870.5,17026.4,3844.1,2,0,Normal
1.144,42,19573.2,13998.7,5574.5,6,2,Normal
4.9,42,20826.4,13444.3,7382.0,3,0,Normal
3.891,42,25157.4,19042.4,6115.0,4,0,Normal
1.033,44,17468.2,13452.1,4016.1,2,1,Normal
0.517,32,12073.7,8061.6,4012.0,1,0,Normal
1.924,48,31516.3,13053.9,18462.4,1,1,Normal
1.02,199,72879.8,30555.8,42324.0,66,7,Attack
1.17,38,25104.7,11554.8,13549.9,0,0,Normal
4.493,42,23343.3,12137.0,11206.4,4,0,Normal
2.426,40,24029.2,17541.0,6488.2,6,0,Normal
2.043,40,20817.0,8411.3,12405.8,4,0,Normal
0.361,194,22095.9,5149.1,16946.9,73,2,Attack
0.984,50,27961.5,20771.6,7189.9,2,1,Normal
2.209,61,39099.3,21587.9,17511.4,1,0,Normal
3.357,55,25286.3,12506.6,12779.6,3,0,Normal
5.504,43,19277.5,10806.0,8471.4,2,0,Normal
1.907,44,22833.8,8753.1,14080.8,4,0,Normal
1.47,54,26723.8,18993.8,7730.0,7,0,Normal
4.002,188,30210.9,2692.6,27518.2,61,4,Attack
2.007,162,78116.3,36384.4,41731.9,57,5,Attack
0.89,185,54945.9,17623.6,37322.3,50,4,Attack
0.068,210,57991.1,28168.9,29822.2,69,2,Attack
0.675,174,16386.1,2378.8,14007.3,66,5,Attack
4.298,48,28021.5,13992.9,14028.7,7,0,Normal
2.377,190,48257.2,15982.5,32274.7,67,3,Attack
2.979,43,21286.4,17191.7,4094.7,3,0,Normal
4.712,42,21573.9,8931.2,12642.7,3,3,Normal
0.581,205,40875.5,11297.0,29578.6,50,5,Attack
5.058,58,21589.5,17324.6,4264.9,4,0,Normal
0.196,184,41647.3,5574.9,36072.5,58,4,Attack
0.471,196,87850.7,22485.7,65365.0,71,7,Attack
0.669,41,20894.2,17614.0,3280.2,3,1,Normal
1.748,44,18610.6,13646.8,4963.9,5,0,Normal
1.741,196,42939.3,5651.2,37288.1,55,4,Attack
2.959,196,25060.7,2414.4,22646.3,62,6,Attack
2.94,50,17886.1,15598.1,2288.0,5,0,Normal
1.686,198,40550.3,4286.0,36264.3,62,3,Attack
0.838,199,73645.8,10018.3,63627.5,48,4,Attack
1.672,47,24989.9,10986.2,14003.7,3,1,Normal
0.51,193,58168.1,27163.5,31004.6,82,6,Attack
2.681,43,19005.2,11814.7,7190.5,4,0,Normal
0.178,167,52223.9,24292.9,27931.1,55,3,Attack
1.193,45,23667.3,11072.5,12594.8,4,1,Normal
0.985,180,81513.8,8190.0,73323.8,63,5,Attack
1.49,43,22932.6,19976.8,2955.8,6,0,Normal
1.383,38,13832.6,7407.4,6425.2,2,0,Normal
1.854,195,48608.0,21233.3,27374.7,65,4,Attack
0.09,201,58831.5,17704.2,41127.2,57,4,Attack
0.984,43,22231.2,9295.9,12935.3,5,0,Normal
4.705,54,21901.3,7994.1,13907.2,5,1,Normal
5.586,44,21605.1,9902.2,11702.9,4,0,Normal
3.72,42,22412.3,14624.5,7787.8,2,0,Normal
2.024,63,28163.1,18818.7,9344.4,3,0,Normal
4.307,50,31961.8,11830.6,20131.1,6,0,Normal
2.225,47,19463.9,15587.9,3876.0,1,0,Normal
0.601,199,51257.3,7064.9,44192.4,77,5,Attack
1.019,62,32184.0,14338.2,17845.8,8,2,Normal
2.276,29,16837.2,6019.7,10817.5,2,1,Normal
1.13,52,25730.5,19006.5,6724.1,5,0,Normal
5.062,49,20770.0,10331.9,10438.1,4,1,Normal
0.559,187,74227.7,28598.9,45628.8,57,3,Attack
1.091,156,37726.2,17958.5,19767.7,49,1,Attack
5.115,43,22212.3,14904.5,7307.8,3,1,Normal
3.864,42,17992.0,10480.2,7511.9,2,1,Normal
2.984,52,32970.3,26079.6,6890.7,4,0,Normal
8.722,53,27839.7,13130.3,14709.4,6,0,Normal
6.179,46,22522.6,14200.6,8322.0,3,0,Normal
1.826,194,81209.5,16014.6,65194.8,85,2,Attack
2.583,43,18001.2,9084.6,8916.6,4,0,Normal
7.847,34,18465.6,7436.9,11028.7,2,1,Normal
2.898,39,19764.6,15501.5,4263.1,2,0,Normal
2.804,37,17751.1,9811.8,7939.3,0,0,Normal
2.56,43,29317.7,24650.5,4667.2,1,0,Normal
1.853,54,34275.0,23878.8,10396.2,7,0,Normal
0.947,214,97539.0,14634.0,82905.1,73,1,Attack
1.596,41,24931.9,11286.7,13645.3,1,0,Normal
0.988,52,28725.8,18720.7,10005.1,3,1,Normal
0.177,174,8664.5,3053.0,5611.5,61,5,Attack
4.568,57,30257.5,16544.4,13713.1,4,1,Normal
5.243,40,22047.4,17045.7,5001.7,3,0,Normal
0.498,205,84823.0,36610.9,48212.1,72,4,Attack
6.053,53,21168.3,16405.0,4763.3,2,0,Normal
0.16,175,36244.7,12852.0,23392.6,68,3,Attack
3.041,45,23895.4,11979.3,11916.1,3,0,Normal
2.371,194,56579.6,23579.4,33000.3,66,2,Attack
1.994,192,59168.2,26745.4,32422.8,61,4,Attack
0.121,211,36680.2,9437.4,27242.8,85,2,Attack
0.293,180,48205.0,4723.0,43482.0,52,6,Attack
5.366,51,26618.2,23630.6,2987.6,7,1,Normal
0.713,155,25288.7,7962.2,17326.5,51,7,Attack
1.126,179,11574.1,3137.1,8437.0,55,4,Attack
6.313,57,28526.8,24228.3,4298.5,5,0,Normal
0.154,186,35402.7,13619.6,21783.1,68,7,Attack
2.485,54,25050.7,21282.7,3768.0,5,0,Normal
1.609,31,14105.2,9919.4,4185.8,3,1,Normal
5.693,47,18474.9,9183.2,9291.8,6,0,Normal
1.769,190,56955.9,23523.8,33432.1,69,4,Attack
0.075,207,77312.6,29829.3,47483.3,61,6,Attack
1.631,50,23030.1,15197.9,7832.2,8,1,Normal
1.212,48,31178.6,16389.9,14788.7,4,0,Normal
2.29,209,75720.5,24172.6,51547.8,67,5,Attack
6.083,47,18645.6,13477.6,5168.0,8,0,Normal
0.284,56,29136.6,14765.8,14370.8,0,0,Normal
6.738,35,22249.1,15147.0,7102.1,2,0,Normal
0.942,34,22070.7,9071.1,12999.7,1,0,Normal
2.441,51,27997.5,17077.8,10919.6,4,0,Normal
3.44,33,15668.9,11860.5,3808.5,5,0,Normal
3.61,42,25764.5,12626.9,13137.6,4,0,Normal
0.579,49,25224.6,19193.4,6031.2,3,0,Normal
2.68,44,27179.6,23918.3,3261.2,4,0,Normal
3.381,44,28662.8,23156.1,5506.7,3,1,Normal
0.209,54,32441.8,27131.6,5310.2,5,0,Normal
1.9,211,75892.8,32688.8,43204.0,69,2,Attack
2.722,41,23869.7,13847.2,10022.6,7,0,Normal
1.385,46,31140.2,21543.9,9596.3,1,0,Normal
6.591,44,23085.1,10089.1,12996.0,5,2,Normal
4.401,51,24115.8,14980.5,9135.3,3,0,Normal
0.73,175,52287.9,15038.4,37249.5,60,1,Attack
2.84,180,23183.4,11379.0,11804.3,67,1,Attack
7.626,48,28771.1,11627.1,17144.0,3,1,Normal
1.25,50,17377.6,8508.7,8868.9,4,0,Normal
4.874,39,18341.3,16317.4,2023.9,2,0,Normal
2.211,48,25557.0,17370.0,8187.0,3,0,Normal
4.014,50,24900.6,11428.8,13471.8,6,1,Normal
5.577,50,28645.1,11007.3,17637.8,4,0,Normal
1.448,180,32783.3,9089.1,23694.2,62,3,Attack
2.868,185,38885.5,15982.9,22902.7,76,6,Attack
4.252,49,27198.8,10526.2,16672.5,2,1,Normal
3.659,47,26742.4,18434.5,8307.9,7,0,Normal
0.941,184,27103.7,3949.9,23153.8,70,3,Attack
3.158,42,22575.2,16979.7,5595.5,2,0,Normal
3.022,54,34643.8,19582.8,15061.0,3,1,Normal
0.911,43,26934.8,21641.2,5293.6,4,0,Normal
1.427,44,21768.3,19563.8,2204.5,4,1,Normal
0.73,186,55780.7,5229.3,50551.4,71,1,Attack
3.807,44,21765.5,7719.2,14046.3,3,1,Normal
3.348,44,21430.9,17066.8,4364.1,3,0,Normal
0.646,197,87183.9,18764.4,68419.5,70,7,Attack
0.427,53,24965.9,13911.6,11054.4,5,2,Normal
0.091,200,71208.4,19818.1,51390.3,82,6,Attack
8.106,38,19046.2,7178.0,11868.2,1,1,Normal
1.292,187,55186.4,15973.0,39213.4,58,6,Attack
3.309,170,38260.7,9819.3,28441.4,53,5,Attack
1.657,197,31086.1,11853.3,19232.8,56,9,Attack
1.209,54,25286.0,11160.1,14125.9,7,1,Normal
4.117,50,36153.9,21045.6,15108.3,2,2,Normal
4.43,50,30753.3,21637.7,9115.6,6,0,Normal
3.028,35,16262.0,7451.5,8810.5,3,0,Normal
2.72,48,26535.8,15379.6,11156.2,8,0,Normal
1.291,213,77712.1,34090.9,43621.2,81,3,Attack
0.272,189,64642.1,29227.5,35414.6,65,6,Attack
2.578,188,57011.6,7939.7,49071.8,70,5,Attack
0.973,197,65080.5,12721.8,52358.8,78,2,Attack
3.066,50,32204.7,24881.2,7323.5,6,1,Normal
1.642,44,22662.2,15106.2,7555.9,5,0,Normal
1.299,178,88423.8,24346.7,64077.1,76,3,Attack
1.98,41,15971.4,13934.4,2037.0,7,0,Normal
0.921,205,69247.9,29530.6,39717.3,70,3,Attack
0.513,57,36724.3,23234.2,13490.1,2,1,Normal
3.55,49,24210.2,16169.3,8040.9,5,0,Normal
2.111,176,36736.3,14490.7,22245.6,58,4,Attack
0.226,187,33358.9,6900.9,26458.0,63,2,Attack
2.151,52,21330.3,11151.3,10179.0,8,1,Normal
1.307,46,26466.1,9281.9,17184.2,4,1,Normal
6.488,47,24359.7,10343.0,14016.7,7,1,Normal
4.236,185,53677.5,3785.1,49892.4,85,4,Attack
1.828,38,19468.7,12697.0,6771.7,1,0,Normal
2.962,191,48184.3,22292.0,25892.4,80,3,Attack
3.765,36,21388.0,7552.1,13835.8,3,1,Normal
4.154,36,17558.5,12443.7,5114.8,3,2,Normal
0.653,37,22061.8,15040.7,7021.1,4,0,Normal
0.749,211,90938.4,7608.7,83329.7,59,2,Attack
0.287,189,73641.3,11608.6,62032.6,58,4,Attack
2.277,44,25390.0,10802.4,14587.6,2,0,Normal
0.826,49,27428.8,12641.2,14787.6,5,0,Normal
1.156,191,59420.6,8501.8,50918.8,71,3,Attack
1.58,178,46354.0,4201.2,42152.9,59,2,Attack
2.067,42,25171.2,17465.5,7705.7,6,0,Normal
3.541,38,19822.3,13675.3,6147.1,2,0,Normal
6.599,42,22926.9,17945.5,4981.4,5,0,Normal
4.364,44,29738.5,21363.8,8374.6,6,0,Normal
1.386,209,59293.1,12746.2,46546.9,66,5,Attack
0.812,186,45791.1,14893.1,30898.0,72,3,Attack
0.388,192,47001.9,2469.6,44532.3,70,2,Attack
4.254,47,28748.9,14346.9,14402.0,4,0,Normal
3.623,50,18706.7,9428.6,9278.1,4,0,Normal
2.886,49,25528.5,13543.7,11984.8,3,0,Normal
2.099,202,80486.2,5560.3,74925.9,67,3,Attack
0.155,199,51403.9,5139.0,46264.9,75,3,Attack
2.097,172,72894.7,25556.4,47338.3,59,3,Attack
0.955,208,53926.3,21100.9,32825.3,81,4,Attack
0.671,191,74480.3,19140.3,55340.0,65,3,Attack
2.827,49,20059.6,8030.0,12029.6,3,0,Normal
2.236,46,22003.7,19714.4,2289.3,3,1,Normal
1.713,60,32140.5,23742.5,8397.9,4,1,Normal
0.184,181,29345.0,4643.9,24701.2,64,3,Attack
0.161,48,23260.7,10611.4,12649.3,6,0,Normal
0.9,54,27490.4,17673.4,9817.1,4,0,Normal
4.381,44,24830.6,14699.7,10130.9,4,2,Normal
0.086,175,51615.5,18383.7,33231.8,65,6,Attack
1.016,193,49794.9,8053.9,41741.0,71,4,Attack
0.459,167,41809.7,17741.5,24068.2,60,3,Attack
0.846,199,36514.9,14340.0,22174.8,76,2,Attack
0.016,188,48756.4,7140.3,41616.1,56,5,Attack
1.347,42,21646.6,9115.8,12530.8,4,0,Normal
3.738,53,31162.6,27401.0,3761.6,2,0,Normal
0.999,37,18682.9,12461.7,6221.1,2,0,Normal
1.633,185,51889.6,5140.8,46748.8,57,4,Attack
5.66,47,23789.8,18155.1,5634.7,3,1,Normal
4.424,46,22483.5,14564.7,7918.7,1,0,Normal
0.736,177,30729.4,7807.9,22921.5,56,2,Attack
0.277,198,41554.2,3502.5,38051.6,78,3,Attack
1.71,53,29865.7,18918.5,10947.3,9,1,Normal
0.982,48,17910.9,11472.5,6438.4,6,1,Normal
0.088,40,20703.9,16597.4,4106.5,2,0,Normal
0.102,192,65885.7,9089.1,56796.6,73,2,Attack
0.226,205,54338.7,9096.0,45242.6,68,5,Attack
2.501,163,57083.7,6632.7,50451.0,56,2,Attack
3.392,55,29348.2,18379.4,10968.8,4,1,Normal
1.684,206,92216.6,35015.6,57201.0,78,3,Attack
2.754,49,26870.1,15700.1,11170.0,4,0,Normal
2.832,41,18023.3,15088.3,2934.9,6,1,Normal
1.359,177,52683.3,3381.1,49302.1,55,3,Attack
7.097,34,14382.8,11497.7,2885.1,0,0,Normal
2.966,177,58700.1,10958.5,47741.5,61,5,Attack
2.17,207,71500.7,30177.1,41323.5,79,4,Attack
1.066,204,65850.5,27660.9,38189.6,63,4,Attack
1.625,48,21386.5,12641.2,8745.3,6,0,Normal
3.679,37,25292.7,14334.0,10958.7,2,0,Normal
0.556,204,55753.7,25681.7,30072.0,76,5,Attack
3.154,58,22648.5,13079.8,9568.7,2,0,Normal
1.425,49,26174.7,14409.6,11765.1,3,0,Normal
2.321,39,22222.0,11653.7,10568.3,4,2,Normal
4.03,41,19572.6,11345.2,8227.4,7,0,Normal
0.622,214,53929.9,4841.2,49088.7,78,6,Attack
0.455,201,73642.6,10735.8,62906.9,65,0,Attack
2.486,57,33946.1,14882.0,19064.1,1,0,Normal
1.612,47,28902.7,10925.9,17976.8,4,0,Normal
2.698,45,19851.6,7819.0,12032.6,2,0,Normal
10.494,51,27963.3,19751.6,8211.7,4,0,Normal
0.723,51,33913.1,29697.7,4215.4,3,0,Normal
2.649,186,45053.1,11666.8,33386.3,65,6,Attack
6.952,53,26992.6,15229.1,11763.5,3,2,Normal
1.962,39,21649.1,13565.2,8084.0,1,0,Normal
1.224,202,58089.9,27758.7,30331.2,72,6,Attack
3.585,47,28966.2,12304.4,16661.9,5,1,Normal
1.794,43,22816.0,17338.9,5477.1,2,1,Normal
2.102,174,49571.6,11335.2,38236.4,64,5,Attack
0.212,192,44040.4,2875.2,41165.2,71,4,Attack
2.007,54,23639.0,16527.3,7111.7,4,0,Normal
2.656,59,27851.8,20838.3,7013.5,5,0,Normal
1.294,40,19194.8,7083.2,12111.6,2,0,Normal
1.046,174,67360.6,18874.0,48486.6,55,3,Attack
2.214,46,28030.9,13355.0,14675.9,3,0,Normal
1.893,52,24095.8,12221.1,11874.8,5,0,Normal
1.518,45,27808.7,15649.4,12159.3,2,1,Normal
1.371,41,16656.7,13367.6,3289.1,3,0,Normal
1.945,189,53010.4,8714.9,44295.5,79,7,Attack
1.661,50,23348.6,16085.1,7263.5,4,0,Normal
2.129,45,16214.7,12229.5,3985.3,4,0,Normal
1.902,46,30228.7,21662.9,8565.8,7,0,Normal
0.827,215,66898.0,20522.9,46375.2,73,3,Attack
1.766,41,23545.2,13752.2,9793.0,6,1,Normal
0.97,185,71102.9,13889.1,57213.8,68,6,Attack
0.229,202,17287.2,2112.2,15174.9,78,2,Attack
0.607,46,35847.8,22592.2,13255.7,5,1,Normal
1.054,169,35961.7,12324.2,23637.5,54,3,Attack
4.239,34,14521.2,10351.2,4170.1,4,0,Normal
4.216,46,23957.9,12328.8,11629.1,3,0,Normal
0.775,41,25783.8,14422.5,11361.2,3,0,Normal
0.335,43,23200.2,11323.6,11876.6,2,0,Normal
4.089,50,22026.7,14812.8,7213.9,2,1,Normal
0.858,39,11959.2,4485.3,7473.9,3,0,Normal
7.762,50,29616.3,19397.3,10219.0,5,0,Normal
1.78,42,22348.5,13720.1,8628.4,4,0,Normal
3.122,43,25680.8,16811.3,8869.5,3,1,Normal
1.139,164,64586.1,23793.6,40792.5,52,3,Attack
2.429,48,26925.7,22113.2,4812.5,3,0,Normal
1.225,176,39893.6,19179.8,20713.8,63,3,Attack
1.661,55,31764.8,13462.3,18302.5,5,1,Normal
2.468,53,31845.7,15597.5,16248.2,5,1,Normal
1.551,173,48547.4,16725.0,31822.4,55,2,Attack
0.711,221,65886.1,6146.8,59739.3,80,5,Attack
2.512,48,27266.9,11419.0,15847.9,5,0,Normal
2.15,61,34659.5,30952.2,3707.3,5,0,Normal
2.63,63,33006.6,19445.5,13561.1,3,0,Normal
2.151,41,21146.3,16566.9,4579.4,4,1,Normal
0.59,187,38944.3,14575.4,24368.9,64,4,Attack
4.377,49,25068.5,13040.0,12028.5,2,1,Normal
8.501,44,23446.5,10685.6,12760.9,2,1,Normal
3.493,43,24159.8,16984.3,7175.5,5,1,Normal
3.435,40,26967.6,13956.5,13011.1,3,0,Normal
2.957,53,26966.1,20482.9,6483.2,5,0,Normal
1.788,39,18917.2,14844.8,4072.4,1,1,Normal
3.469,49,31579.6,14459.2,17120.4,3,0,Normal
5.318,206,85813.8,38545.8,47268.1,71,7,Attack
0.103,187,27536.0,1904.0,25632.1,57,2,Attack
1.605,37,20717.1,17835.7,2881.4,5,0,Normal
0.911,179,36363.7,3651.3,32712.4,63,2,Attack
2.893,188,45142.6,3378.0,41764.6,59,4,Attack
0.311,189,39552.6,17371.1,22181.5,70,4,Attack
1.564,38,19605.0,15345.2,4259.9,1,0,Normal
0.368,194,34100.7,11210.2,22890.5,61,2,Attack
3.058,41,17533.0,11219.4,6313.5,2,0,Normal
2.195,44,24901.7,17099.7,7802.0,2,0,Normal
0.121,185,49830.3,22022.6,27807.6,65,3,Attack
8.301,48,17326.6,15370.4,1956.2,8,0,Normal
3.276,55,26782.3,15802.3,10980.0,5,0,Normal
1.205,204,48892.5,3918.4,44974.1,75,5,Attack
1.606,46,25685.4,17796.1,7889.3,4,0,Normal
5.355,47,19178.2,7007.6,12170.6,4,1,Normal
1.997,48,25158.0,15846.5,9311.4,1,0,Normal
2.255,39,24323.4,15226.3,9097.1,0,0,Normal
3.2,56,34745.0,20328.7,14416.3,8,0,Normal
0.058,191,49167.8,16672.7,32495.1,73,3,Attack
0.511,199,34849.5,17207.9,17641.5,66,1,Attack
0.597,44,20185.1,12894.3,7290.8,3,1,Normal
3.103,43,22843.5,11219.3,11624.1,4,1,Normal
0.907,52,35338.1,22916.0,12422.1,4,1,Normal
2.138,50,25247.0,20895.5,4351.5,7,0,Normal
2.467,39,24772.6,22293.5,2479.2,3,0,Normal
0.426,178,16086.0,1425.3,14660.6,64,5,Attack
1.718,53,28130.8,17736.7,10394.1,3,0,Normal
2.114,222,87547.8,42256.5,45291.3,77,1,Attack
2.261,171,39838.9,15017.0,24821.9,50,7,Attack
0.361,184,55647.0,25640.4,30006.7,59,3,Attack
0.248,210,81427.3,34880.4,46546.9,80,1,Attack
1.245,190,25668.0,9247.8,16420.2,67,4,Attack
3.589,44,21660.5,12801.1,8859.4,2,0,Normal
0.53,48,20909.4,17557.6,3351.8,1,0,Normal
0.185,174,48268.5,12685.7,35582.8,59,3,Attack
1.338,200,38514.0,2888.6,35625.4,72,5,Attack
3.675,49,23538.6,13614.6,9924.0,8,0,Normal
2.434,47,27141.0,19722.2,7418.8,5,1,Normal
0.387,179,50781.7,10362.4,40419.3,59,6,Attack
1.273,183,7320.0,416.8,6903.2,55,0,Attack
0.855,217,49883.5,20456.2,29427.3,73,4,Attack
4.23,44,24175.9,19809.1,4366.7,2,0,Normal
2.318,50,26631.7,23486.3,3145.5,4,0,Normal
2.761,51,29047.8,14241.9,14805.9,5,0,Normal
2.004,42,22931.6,20453.0,2478.6,3,2,Normal
0.281,185,40667.1,17003.9,23663.2,63,3,Attack
1.068,35,13107.5,9483.4,3624.1,0,0,Normal
0.345,176,54184.1,13673.7,40510.4,65,5,Attack
1.517,56,29672.4,13748.8,15923.7,2,0,Normal
2.546,38,23758.3,9688.5,14069.8,3,1,Normal
2.998,50,29395.5,20444.7,8950.7,2,0,Normal
5.359,39,22186.5,13286.3,8900.2,2,0,Normal
0.379,32,18515.7,14495.8,4019.9,2,1,Normal
3.284,47,25820.5,23231.6,2588.9,4,0,Normal
0.396,55,22719.8,11211.0,11508.8,4,0,Normal
2.623,57,31342.9,19536.2,11806.7,5,1,Normal
2.345,60,33569.9,21142.2,12427.7,3,1,Normal
0.714,49,28383.3,22305.2,6078.1,4,0,Normal
0.757,203,81411.5,10441.7,70969.8,65,5,Attack
3.57,40,18194.3,14555.1,3639.2,1,0,Normal
3.159,43,25334.1,21484.6,3849.5,4,0,Normal
3.859,48,30990.9,23998.9,6992.0,1,0,Normal
1.989,41,24269.5,15947.0,8322.5,3,1,Normal
1.517,34,15127.2,8682.8,6444.3,3,0,Normal
0.109,152,63110.0,12183.6,50926.3,60,4,Attack
1.666,51,23090.3,13074.8,10015.5,4,0,Normal
2.991,42,18924.8,10332.3,8592.5,4,0,Normal
1.527,207,79502.8,35261.4,44241.3,69,6,Attack
0.273,172,47988.4,10121.3,37867.1,62,3,Attack
1.925,194,46290.7,2847.4,43443.3,67,6,Attack
1.295,41,23028.0,20192.2,2835.8,6,0,Normal
3.158,55,24069.7,21253.5,2816.2,5,0,Normal
2.455,40,15523.0,7328.9,8194.0,0,2,Normal
0.471,180,12154.0,4756.8,7397.3,51,5,Attack
1.448,59,26562.3,15128.2,11434.1,1,1,Normal
0.867,211,63099.0,24569.2,38529.8,75,3,Attack
1.408,46,16963.4,10850.6,6112.8,4,1,Normal
1.19,192,46916.1,9043.2,37872.8,68,2,Attack
1.325,40,14810.6,13260.1,1550.4,3,0,Normal
0.072,186,47695.4,8577.6,39117.8,59,5,Attack
2.951,47,25879.6,9423.7,16455.9,3,0,Normal
0.685,203,70537.3,11178.2,59359.1,63,2,Attack
2.872,67,33889.8,20385.9,13503.9,9,0,Normal
0.943,44,29831.6,20463.9,9367.7,7,1,Normal
1.306,35,11969.0,4475.0,7494.0,2,1,Normal
2.396,40,15616.8,6840.6,8776.3,2,2,Normal
2.474,47,25897.0,19369.5,6527.5,2,0,Normal
5.736,50,26035.7,9761.0,16274.8,3,0,Normal
11.307,44,22632.6,9420.6,13212.0,4,0,Normal
0.16,36,15399.3,5471.6,9927.7,1,1,Normal
0.661,208,69463.5,16741.0,52722.4,64,4,Attack
2.091,55,30355.5,12680.7,17674.9,2,0,Normal
1.697,42,23626.1,17364.5,6261.6,2,0,Normal
13.4,54,22954.5,11965.4,10989.2,4,0,Normal
4.475,38,17855.0,9460.9,8394.2,6,0,Normal
1.075,47,26659.6,14991.2,11668.4,3,0,Normal
3.99,44,21165.4,8926.6,12238.7,1,2,Normal
8.703,54,35729.8,19912.4,15817.4,6,1,Normal
1.26,199,77816.3,38205.4,39611.0,67,5,Attack
1.912,187,55022.9,17970.5,37052.4,64,4,Attack
0.959,42,22633.9,12260.3,10373.6,4,0,Normal
2.316,45,21854.6,12745.1,9109.5,5,1,Normal
2.499,39,26515.2,13135.0,13380.2,4,1,Normal
0.634,46,18358.7,7058.7,11300.0,0,0,Normal
2.977,39,17699.9,10570.4,7129.5,3,1,Normal
9.302,42,19120.0,11708.1,7411.9,2,0,Normal
2.715,180,49686.5,6696.7,42989.8,56,4,Attack
0.907,197,23145.3,2591.1,20554.2,77,2,Attack
3.002,43,20310.8,16618.1,3692.7,5,1,Normal
1.414,214,35068.7,10685.0,24383.7,82,3,Attack
2.043,55,28322.8,20040.4,8282.4,2,1,Normal
4.199,36,15114.7,11752.7,3362.0,5,0,Normal
5.246,40,23758.6,10436.7,13322.0,5,0,Normal
5.769,54,27275.7,11405.0,15870.7,5,0,Normal
1.126,186,88032.1,40416.4,47615.7,68,4,Attack
2.694,38,15354.3,10896.0,4458.3,2,0,Normal
0.41,185,75388.5,14429.2,60959.4,58,2,Attack
3.964,38,13888.1,6561.9,7326.3,1,0,Normal
2.1,192,79202.3,37716.8,41485.5,62,3,Attack
7.472,47,18994.2,14281.5,4712.7,2,0,Normal
0.145,189,34464.4,13034.1,21430.3,79,4,Attack
1.197,39,17657.7,10798.0,6859.7,4,0,Normal
2.389,40,20247.9,17997.9,2250.0,4,0,Normal
2.205,44,28025.7,23427.9,4597.8,1,1,Normal
0.299,190,87646.6,29338.3,58308.3,78,3,Attack
0.477,205,54052.9,24108.1,29944.8,64,4,Attack
4.012,45,28611.8,21589.3,7022.4,3,1,Normal
1.539,176,48787.0,21211.7,27575.3,69,2,Attack
2.312,163,29175.1,9401.9,19773.2,60,5,Attack
4.168,180,51350.5,12152.9,39197.7,58,2,Attack
0.855,47,27088.6,11419.1,15669.5,4,0,Normal
3.339,53,24907.9,21084.5,3823.4,4,1,Normal
0.75,49,27320.6,9970.0,17350.6,6,0,Normal
1.974,48,17832.9,11046.4,6786.5,7,0,Normal
1.429,182,40347.3,10213.3,30134.1,73,3,Attack
1.863,51,22497.6,9600.4,12897.2,7,1,Normal
1.732,35,15036.6,10920.0,4116.6,2,0,Normal
1.337,51,27805.1,16743.3,11061.8,8,1,Normal
0.005,200,61874.1,9292.1,52582.0,68,2,Attack
10.171,34,17749.8,14842.3,2907.5,5,0,Normal
1.986,47,23322.7,8880.2,14442.5,3,0,Normal
2.207,178,17599.6,5119.0,12480.6,73,2,Attack
1.416,198,46676.0,7516.7,39159.4,69,3,Attack
7.544,54,32713.3,27421.7,5291.7,1,0,Normal
4.557,48,27975.1,22231.1,5744.0,4,0,Normal
0.612,202,70766.4,18060.2,52706.2,68,1,Attack
1.199,195,69733.4,14846.0,54887.4,79,7,Attack
1.79,51,28653.3,19892.6,8760.7,2,0,Normal
0.482,41,23826.3,14591.7,9234.6,4,0,Normal
0.55,177,7080.0,1760.8,5319.2,63,5,Attack
1.05,200,37760.4,16301.0,21459.4,71,2,Attack
3.138,43,15558.2,13717.7,1840.4,5,2,Normal
0.487,172,61963.2,14083.9,47879.3,50,6,Attack
0.918,39,20600.4,11448.2,9152.2,4,0,Normal
1.128,45,24262.5,16286.9,7975.6,2,0,Normal
0.101,204,40842.4,13316.0,27526.4,68,5,Attack
4.773,41,25228.3,20551.5,4676.8,4,0,Normal
0.787,192,54836.0,9576.3,45259.7,63,4,Attack
3.755,40,26156.7,9477.2,16679.5,5,1,Normal
1.398,187,67718.1,26896.0,40822.1,67,3,Attack
3.335,42,25641.5,17111.5,8530.0,4,0,Normal
1.343,39,23157.4,9904.3,13253.2,4,0,Normal
0.525,171,68816.9,5636.6,63180.3,53,3,Attack
0.388,191,78232.9,19784.8,58448.1,64,4,Attack
0.722,169,33440.5,8556.8,24883.7,55,3,Attack
0.688,177,19237.4,1983.0,17254.4,64,5,Attack
1.195,48,29678.6,14593.3,15085.4,6,1,Normal
1.43,179,7160.0,3158.3,4001.7,67,5,Attack
2.004,208,55979.0,16186.4,39792.6,78,5,Attack
0.342,183,41217.7,14139.8,27078.0,55,3,Attack
4.726,39,25358.9,9695.6,15663.3,5,0,Normal
3.274,56,35242.7,27005.2,8237.5,3,0,Normal
0.279,186,61446.2,25674.7,35771.5,75,4,Attack
2.306,39,18615.1,12607.0,6008.1,1,0,Normal
6.539,51,30225.7,15755.5,14470.2,5,0,Normal
2.287,51,27703.4,23658.4,4045.0,1,2,Normal
0.133,211,56183.4,22793.3,33390.2,80,5,Attack
3.268,48,29421.1,13014.8,16406.2,8,2,Normal
3.046,45,21419.9,17558.9,3861.0,1,0,Normal
2.106,43,17382.5,11137.5,6245.0,2,1,Normal
0.492,47,26173.9,14297.1,11876.8,3,0,Normal
0.649,195,62646.6,17001.2,45645.4,65,5,Attack
4.466,34,17774.4,7707.3,10067.1,2,0,Normal
0.016,192,45255.8,13756.6,31499.3,61,4,Attack
0.611,189,30538.2,2478.8,28059.4,69,3,Attack
1.878,183,59983.9,9986.6,49997.3,56,2,Attack
0.92,163,6520.0,1138.5,5381.5,64,3,Attack
2.159,41,24166.6,11706.8,12459.8,2,1,Normal
1.944,42,19974.4,8119.2,11855.2,6,0,Normal
4.966,49,26154.4,23307.3,2847.1,4,0,Normal
10.727,43,19327.2,14448.2,4879.0,5,0,Normal
2.642,48,31650.5,21488.9,10161.6,6,1,Normal
7.565,38,22560.8,18080.1,4480.8,3,3,Normal
2.087,47,23647.3,17950.1,5697.2,4,1,Normal
0.933,35,16936.6,11006.2,5930.4,1,0,Normal
0.279,184,64240.5,26763.2,37477.4,53,5,Attack
0.7,184,41137.6,20148.0,20989.6,60,3,Attack
6.44,42,28208.5,14927.5,13281.0,1,0,Normal
0.501,188,60775.3,5874.2,54901.1,57,1,Attack
2.812,215,44200.7,3189.5,41011.3,89,3,Attack
1.878,57,31561.8,26826.0,4735.8,4,0,Normal
5.935,42,18194.5,9423.7,8770.9,3,0,Normal
2.762,35,18246.9,8204.1,10042.8,2,2,Normal
3.195,50,24363.0,21498.5,2864.5,6,0,Normal
1.692,169,36834.1,12267.1,24566.9,53,4,Attack
1.28,47,21861.7,14126.3,7735.4,2,0,Normal
2.579,48,18016.7,10850.0,7166.6,4,1,Normal
6.023,46,32793.4,17197.5,15595.9,5,0,Normal
4.931,180,16120.0,7741.7,8378.3,74,4,Attack
8.118,45,25026.9,21594.8,3432.1,5,0,Normal
1.762,195,68481.5,23659.1,44822.4,56,6,Attack
0.138,211,70936.9,32929.1,38007.8,76,3,Attack
1.982,43,28247.3,15081.6,13165.7,2,0,Normal
0.218,48,28828.0,21604.1,7223.9,5,0,Normal
4.329,39,21506.6,18281.0,3225.6,2,0,Normal
3.06,49,28997.0,18724.5,10272.5,2,1,Normal
0.458,212,55906.7,25301.2,30605.5,65,5,Attack
1.119,27,12213.1,6844.8,5368.3,2,0,Normal
3.006,44,28914.6,20983.1,7931.5,2,1,Normal
5.068,51,14337.8,7369.9,6967.9,5,0,Normal
2.198,33,14753.1,8351.5,6401.6,6,0,Normal
2.32,54,23067.6,9424.7,13642.9,5,0,Normal
0.819,46,27066.3,14260.1,12806.2,2,0,Normal
2.876,186,45028.9,6964.5,38064.4,54,4,Attack
1.072,200,48403.2,16572.7,31830.5,83,2,Attack
1.343,187,57197.2,25332.5,31864.8,57,1,Attack
0.25,179,71243.7,22854.5,48389.2,51,5,Attack
1.072,175,54324.1,19963.4,34360.7,50,7,Attack
1.22,183,13683.8,6410.8,7273.0,71,1,Attack
3.026,165,38369.3,7134.0,31235.2,59,4,Attack
2.103,199,53846.6,24006.6,29840.0,70,6,Attack
0.098,195,7800.0,2334.8,5465.2,65,2,Attack
2.931,55,27446.1,14942.0,12504.1,9,0,Normal
1.058,38,17430.2,13829.5,3600.7,0,0,Normal
0.917,62,32190.3,21277.5,10912.9,5,1,Normal
2.126,53,24864.2,12186.5,12677.7,1,0,Normal
0.156,198,69598.4,7755.1,61843.3,69,1,Attack
3.423,47,31953.6,23692.1,8261.4,4,1,Normal
1.311,198,42599.3,3381.0,39218.3,79,3,Attack
2.978,45,21815.7,15173.4,6642.3,1,0,Normal
3.529,50,25980.7,14717.1,11263.6,5,0,Normal
8.433,39,26040.9,12923.4,13117.5,6,2,Normal
0.488,34,22476.7,8598.2,13878.5,4,0,Normal
1.97,186,29524.5,6084.2,23440.3,71,4,Attack
3.33,46,26777.8,20638.8,6139.0,2,0,Normal
0.854,205,78580.9,32256.0,46324.9,70,2,Attack
2.506,55,29459.2,19607.5,9851.8,8,2,Normal
0.366,188,46469.6,18223.0,28246.6,70,5,Attack
4.365,46,23462.5,16521.7,6940.7,2,0,Normal
3.22,48,25349.4,22134.3,3215.0,4,2,Normal
1.948,51,31642.0,23991.8,7650.1,9,0,Normal
1.921,41,26082.8,22275.1,3807.8,4,0,Normal
2.959,57,28918.2,23411.1,5507.1,5,0,Normal
0.674,171,26720.5,5794.2,20926.3,52,3,Attack
3.208,48,25915.1,12966.3,12948.8,6,0,Normal
0.477,196,36503.9,1916.5,34587.4,73,9,Attack
2.034,188,66828.2,11632.7,55195.5,61,3,Attack
4.564,235,76879.9,38311.9,38568.0,89,3,Attack
4.262,44,22959.1,18724.8,4234.3,2,0,Normal
3.874,50,22685.8,10976.4,11709.4,7,0,Normal
0.142,46,26218.3,19825.4,6393.0,2,1,Normal
3.918,34,18330.5,15588.0,2742.5,1,0,Normal
4.742,33,12977.7,7799.2,5178.5,0,0,Normal
1.786,56,24489.3,20581.7,3907.6,6,1,Normal
0.351,194,16617.2,8032.1,8585.1,67,7,Attack
0.67,191,51479.3,15372.2,36107.1,58,6,Attack
2.639,49,29365.0,10898.2,18466.8,9,0,Normal
0.372,201,42812.3,14586.5,28225.8,59,3,Attack
0.041,197,58458.3,6878.9,51579.4,76,3,Attack
3.879,59,38991.5,35026.3,3965.2,6,0,Normal
12.601,45,17013.3,13592.4,3420.8,1,0,Normal
3.161,189,63779.3,12388.2,51391.1,58,3,Attack
1.717,202,40731.1,4053.9,36677.2,68,3,Attack
2.293,43,22883.9,17394.7,5489.2,3,0,Normal
1.618,33,13613.7,6030.5,7583.3,2,0,Normal
3.085,55,25747.2,15066.8,10680.4,2,1,Normal
1.17,47,21146.5,8859.6,12286.9,3,1,Normal
2.565,170,62294.3,29617.1,32677.2,64,3,Attack
2.015,184,43478.7,12550.1,30928.7,63,6,Attack
0.613,190,41535.1,9941.9,31593.2,61,3,Attack
2.257,55,31547.2,17830.6,13716.6,4,0,Normal
1.006,44,28527.5,22516.8,6010.7,3,0,Normal
1.229,207,51260.5,6830.6,44429.9,68,4,Attack
0.35,43,28864.1,16118.0,12746.1,4,0,Normal
1.351,183,33733.4,16838.6,16894.8,69,4,Attack
2.165,159,58793.9,13080.6,45713.3,62,2,Attack
2.032,49,19716.8,7161.7,12555.1,2,1,Normal
0.638,44,24227.6,10019.8,14207.8,6,0,Normal
5.386,40,26275.5,22875.5,3400.0,0,1,Normal
2.522,47,20980.9,7618.0,13362.9,4,0,Normal
3.375,49,23239.9,18929.0,4310.9,6,1,Normal
1.023,42,19950.4,10915.3,9035.2,4,0,Normal
3.595,40,21364.1,13214.5,8149.6,6,0,Normal
3.367,61,37972.4,23011.0,14961.4,7,1,Normal
0.9,48,27148.9,23485.1,3663.8,3,0,Normal
0.683,47,26044.7,13800.0,12244.6,2,0,Normal
0.421,189,7560.0,1045.5,6514.5,59,3,Attack
1.253,186,58253.7,26936.6,31317.2,61,4,Attack
5.133,37,21267.5,18097.9,3169.5,4,0,Normal
2.39,189,54545.6,25260.5,29285.0,64,2,Attack
0.483,179,12440.4,4772.0,7668.4,60,1,Attack
0.454,175,50226.1,14315.1,35911.0,60,3,Attack
6.389,53,36437.6,19803.4,16634.2,4,0,Normal
0.025,178,7517.2,676.5,6840.7,63,4,Attack
1.859,55,34024.3,21793.5,12230.8,2,1,Normal
3.694,40,22588.2,11377.5,11210.7,4,0,Normal
0.58,190,74687.7,28735.5,45952.2,62,6,Attack
5.917,40,25199.2,19135.0,6064.2,5,0,Normal
6.939,42,20036.6,11690.7,8345.9,3,0,Normal
1.874,52,25986.6,22559.9,3426.7,3,0,Normal
0.511,49,24640.2,12345.2,12294.9,5,1,Normal
2.796,43,22130.2,11806.5,10323.8,5,1,Normal
3.572,49,24685.6,8675.0,16010.6,1,2,Normal
1.413,200,41661.3,10952.1,30709.2,75,2,Attack
3.101,174,69400.7,8052.6,61348.1,62,4,Attack
1.292,182,64350.0,26451.3,37898.7,72,5,Attack
3.12,54,28834.3,23000.7,5833.6,3,1,Normal
1.101,193,85497.5,32076.3,53421.2,58,3,Attack
2.196,35,14470.0,7911.7,6558.3,2,0,Normal
5.373,51,27049.5,10015.6,17033.9,3,2,Normal
2.342,37,19966.3,12822.9,7143.4,4,0,Normal
1.478,57,27323.0,12529.4,14793.5,8,2,Normal
6.323,47,27432.5,15198.0,12234.5,5,0,Normal
0.457,48,22117.1,9392.8,12724.4,2,0,Normal
2.593,193,56059.3,22302.5,33756.8,78,4,Attack
0.907,50,25618.0,12192.0,13426.1,2,0,Normal
7.847,41,20968.3,10503.6,10464.8,3,0,Normal
6.586,38,23334.1,16866.8,6467.3,4,0,Normal
1.357,42,19661.3,15946.7,3714.6,6,0,Normal
1.098,179,23852.2,7444.6,16407.6,68,4,Attack
0.19,189,53016.0,6929.5,46086.5,60,2,Attack
2.362,170,46661.4,20648.9,26012.5,62,4,Attack
2.237,44,23839.4,17390.0,6449.3,1,0,Normal
4.491,42,18497.4,15799.6,2697.8,2,2,Normal
5.359,174,35726.1,15436.4,20289.7,61,5,Attack
1.557,53,25360.1,17985.9,7374.2,4,0,Normal
2.019,192,56572.4,23746.6,32825.8,71,4,Attack
2.276,194,46122.5,19313.4,26809.1,69,2,Attack
3.119,38,17423.6,9495.6,7928.1,1,1,Normal
2.786,47,19772.3,11573.8,8198.5,2,0,Normal
0.511,182,47585.7,6925.9,40659.8,56,3,Attack
0.531,37,19062.8,12972.7,6090.1,4,0,Normal
1.278,197,39721.3,10684.2,29037.0,65,1,Attack
1.868,220,55178.7,24605.9,30572.7,72,3,Attack
1.952,39,17944.1,9199.4,8744.7,3,0,Normal
1.995,197,21663.9,1185.4,20478.6,62,4,Attack
3.757,45,27869.9,15108.2,12761.7,5,1,Normal
1.714,41,19565.1,10666.9,8898.2,6,1,Normal
2.975,44,28774.9,25334.8,3440.1,2,0,Normal
2.638,52,28632.8,13675.4,14957.4,3,0,Normal
2.295,54,30568.6,19890.3,10678.3,5,0,Normal
3.896,47,30074.1,18411.5,11662.6,4,1,Normal
0.814,192,38978.0,3096.3,35881.8,60,6,Attack
0.157,173,40344.3,9407.7,30936.5,56,4,Attack
3.258,39,30289.5,13475.2,16814.2,3,0,Normal
1.8,50,29752.0,22555.8,7196.2,2,1,Normal
1.442,53,31702.3,25644.7,6057.6,2,1,Normal
10.556,44,25966.4,10447.3,15519.2,4,0,Normal
0.794,166,13975.5,5808.5,8167.0,44,6,Attack
0.895,42,19250.5,17137.1,2113.5,5,0,Normal
1.185,45,19583.4,13564.5,6018.9,4,0,Normal
2.56,50,27455.5,23051.4,4404.2,3,1,Normal
2.09,194,90717.9,24989.3,65728.6,58,5,Attack
0.995,46,23288.5,11982.6,11306.0,2,1,Normal
1.154,46,25788.2,12867.7,12920.5,3,0,Normal
0.042,186,9207.3,3547.6,5659.7,66,2,Attack
5.978,50,22070.2,13013.2,9057.0,5,1,Normal
8.292,45,19932.0,11735.6,8196.4,3,0,Normal
1.936,189,46011.8,11428.4,34583.3,70,4,Attack
0.214,202,23971.9,4578.5,19393.4,74,4,Attack
3.719,48,29969.6,19502.7,10466.9,2,0,Normal
7.833,39,21754.0,16668.2,5085.8,1,0,Normal
0.153,190,54507.8,10258.3,44249.5,53,4,Attack
0.347,196,69470.5,8554.8,60915.7,72,3,Attack
1.759,45,21450.3,8608.9,12841.4,3,2,Normal
2.522,29,14841.7,11451.1,3390.6,0,1,Normal
2.6,59,26217.8,17356.0,8861.8,5,1,Normal
2.379,49,21732.9,8091.9,13641.0,4,0,Normal
0.145,45,19791.7,9121.1,10670.6,5,0,Normal
0.28,201,25407.4,7722.2,17685.2,68,7,Attack
6.577,51,27349.7,19451.5,7898.2,4,1,Normal
2.667,172,45665.3,22341.8,23323.5,53,5,Attack
0.095,189,15977.7,7829.8,8148.0,77,2,Attack
2.859,46,29898.2,16917.2,12980.9,5,0,Normal
0.175,51,29765.5,14080.8,15684.7,4,1,Normal
4.471,37,22866.5,15686.2,7180.3,6,0,Normal
2.224,42,17426.2,11371.8,6054.4,5,0,Normal
1.689,179,50235.1,20182.8,30052.2,50,5,Attack
0.532,50,29546.8,20111.6,9435.2,7,0,Normal
1.128,46,24826.3,14425.8,10400.5,5,0,Normal
1.105,177,33704.7,5041.6,28663.1,51,5,Attack
2.688,40,18998.1,16551.8,2446.3,4,1,Normal
2.491,64,35595.5,23654.9,11940.7,3,0,Normal
1.989,185,25209.3,5029.4,20179.9,58,5,Attack
3.593,44,22278.0,14078.3,8199.6,2,0,Normal
1.245,53,25457.7,14291.4,11166.3,2,0,Normal
0.569,176,45157.5,19929.4,25228.1,66,4,Attack
3.148,45,22656.2,11223.3,11432.9,5,1,Normal
0.057,172,33439.4,11811.0,21628.4,69,7,Attack
0.645,183,50764.3,17291.6,33472.7,58,4,Attack
1.532,198,46891.5,18515.7,28375.8,81,3,Attack
1.401,203,49577.3,18654.7,30922.5,66,3,Attack
1.069,54,30600.8,16390.2,14210.6,4,1,Normal
4.596,52,30460.5,10830.5,19630.0,1,0,Normal
5.132,52,25066.1,16997.8,8068.3,3,0,Normal
1.457,195,54807.2,20768.4,34038.8,59,2,Attack
0.127,187,44084.3,12571.7,31512.6,69,3,Attack
4.449,191,9777.6,1135.0,8642.6,83,3,Attack
1.357,47,33799.6,28786.3,5013.3,5,0,Normal
3.079,31,18047.3,6583.9,11463.4,2,0,Normal
3.576,49,28062.9,12454.2,15608.7,3,1,Normal
0.978,61,33297.2,27860.9,5436.3,6,0,Normal
2.674,38,22471.4,16043.8,6427.5,1,1,Normal
1.66,194,79587.6,16858.6,62729.0,58,5,Attack
0.511,182,55331.2,18788.4,36542.8,78,3,Attack
3.115,50,25600.6,14655.0,10945.6,2,0,Normal
1.228,185,38454.8,5343.3,33111.5,59,5,Attack
0.676,41,21233.3,15145.6,6087.7,2,0,Normal
1.807,40,20396.0,17099.6,3296.5,3,0,Normal
4.055,56,35778.0,27800.3,7977.7,8,0,Normal
1.717,52,29329.1,25959.1,3370.0,4,1,Normal
2.06,174,28750.5,7921.0,20829.5,75,3,Attack
0.805,187,45334.8,16785.6,28549.2,62,5,Attack
3.506,45,23895.9,10108.0,13787.9,4,0,Normal
0.586,196,30627.2,2305.5,28321.8,71,7,Attack
3.918,45,21018.2,16496.2,4521.9,2,0,Normal
4.574,44,23146.8,15721.6,7425.2,2,0,Normal
2.684,38,15589.8,9720.4,5869.4,1,1,Normal
0.46,184,59446.7,15444.7,44002.1,56,1,Attack
1.282,183,45612.7,10465.6,35147.1,65,3,Attack
1.718,51,19825.8,7802.9,12022.9,1,0,Normal
0.637,36,14704.9,6738.4,7966.6,4,1,Normal
3.986,46,19285.1,10657.2,8628.0,2,0,Normal
0.25,155,54436.4,10105.7,44330.8,49,5,Attack
0.449,196,47269.0,21249.8,26019.2,67,4,Attack
0.337,216,79404.0,7144.5,72259.5,66,2,Attack
0.07,197,51164.7,25228.8,25935.9,82,3,Attack
1.991,40,21333.6,16814.3,4519.3,2,0,Normal
1.864,45,22398.1,12019.1,10379.0,4,1,Normal
5.926,39,19472.9,13241.9,6231.0,2,0,Normal
0.144,49,24522.8,11023.6,13499.2,3,0,Normal
2.655,45,22871.8,8438.6,14433.2,3,0,Normal
3.218,49,25646.1,9120.7,16525.5,3,0,Normal
2.283,43,19465.4,9102.4,10363.0,2,0,Normal
2.843,198,31939.7,11011.4,20928.3,56,3,Attack
0.909,181,21074.4,7803.8,13270.6,57,3,Attack
1.34,210,98797.3,42927.4,55869.8,60,3,Attack
0.195,37,25516.3,15110.6,10405.7,0,1,Normal
0.643,56,32276.5,28289.4,3987.1,3,0,Normal
3.162,56,33117.8,13820.6,19297.2,5,1,Normal
1.237,54,22020.4,12899.9,9120.5,5,0,Normal
0.895,185,27203.8,11851.6,15352.2,71,6,Attack
0.417,42,21040.3,14683.6,6356.7,3,0,Normal
2.331,46,22444.3,18689.4,3755.0,4,0,Normal
0.955,41,21936.9,9690.4,12246.5,4,0,Normal
4.404,43,20134.2,16128.2,4006.0,3,0,Normal
0.933,179,39934.0,9827.7,30106.2,68,3,Attack
3.835,54,31448.0,20066.3,11381.6,5,2,Normal
3.471,45,23636.8,12019.6,11617.1,6,2,Normal
1.728,54,24960.4,13361.6,11598.9,5,0,Normal
1.886,40,19193.2,14144.9,5048.3,2,1,Normal
2.702,48,18582.3,11226.6,7355.6,5,0,Normal
2.07,49,20208.6,9423.5,10785.1,2,1,Normal
6.591,38,21922.8,14945.9,6977.0,1,0,Normal
0.449,48,17267.1,11546.1,5721.0,5,1,Normal
0.152,198,103482.5,48722.3,54760.2,78,5,Attack
1.297,187,53908.0,23662.8,30245.2,59,3,Attack
9.706,46,27577.5,9927.2,17650.3,6,0,Normal
1.276,46,20818.5,17662.8,3155.7,6,1,Normal
4.311,46,20364.4,12493.3,7871.2,3,1,Normal
1.568,203,106153.5,15717.8,90435.7,80,2,Attack
1.033,174,45610.7,15380.9,30229.8,65,2,Attack
4.619,36,19835.0,14502.1,5332.9,3,0,Normal
2.367,54,28183.1,15616.8,12566.3,7,0,Normal
3.637,202,23640.0,3075.4,20564.6,63,5,Attack
6.081,39,22799.4,20464.2,2335.1,3,0,Normal
1.391,191,50231.0,4756.3,45474.7,53,5,Attack
0.906,180,58250.7,13719.2,44531.5,69,1,Attack
2.963,48,28807.8,10097.9,18709.9,2,0,Normal
1.261,48,27873.5,16491.7,11381.9,6,0,Normal
3.207,53,31716.2,13636.1,18080.0,2,0,Normal
1.455,46,23059.3,17566.9,5492.4,3,0,Normal
0.752,184,69593.2,10359.4,59233.8,73,3,Attack
5.869,45,18324.2,9656.4,8667.7,1,1,Normal
2.414,194,7760.0,3714.2,4045.8,61,5,Attack
0.576,194,62461.4,15483.4,46978.0,76,6,Attack
1.74,55,30171.4,16534.8,13636.6,3,1,Normal
2.069,44,25520.7,9139.2,16381.5,2,0,Normal
5.422,36,23359.4,13272.1,10087.3,6,0,Normal
2.315,195,61240.0,8392.8,52847.1,61,4,Attack
1.827,45,24811.3,14815.1,9996.2,6,0,Normal
1.872,41,24955.4,18375.8,6579.6,4,0,Normal
0.173,198,57466.8,20667.1,36799.7,77,4,Attack
2.285,47,21098.9,14556.3,6542.7,7,1,Normal
4.944,52,26639.1,10871.2,15767.9,7,1,Normal
0.727,201,38193.5,5782.9,32410.6,58,7,Attack
4.049,42,23114.6,15114.6,8000.0,5,1,Normal
5.649,43,17182.4,14034.6,3147.8,7,0,Normal
0.868,45,22133.8,9455.5,12678.3,2,0,Normal
1.528,45,18625.1,15269.5,3355.6,3,0,Normal
0.116,45,18794.2,12460.0,6334.2,5,1,Normal
1.316,42,30357.6,20605.5,9752.1,3,1,Normal
1.903,59,37149.9,17802.6,19347.3,0,2,Normal
1.946,39,21437.5,17035.2,4402.2,5,1,Normal
0.849,53,31159.2,25746.7,5412.5,6,0,Normal
6.056,52,26042.8,22269.2,3773.6,6,2,Normal
1.109,51,28507.6,10022.7,18484.9,3,1,Normal
1.708,42,20951.7,7582.6,13369.1,5,1,Normal
0.64,195,79000.1,31301.9,47698.1,73,3,Attack
5.59,38,22285.1,15867.1,6418.0,1,2,Normal
0.223,199,58736.9,22529.5,36207.4,64,4,Attack
2.253,47,26974.3,21263.6,5710.7,6,1,Normal
4.04,44,24130.9,19704.1,4426.8,1,1,Normal
2.082,35,19101.0,9740.8,9360.3,5,0,Normal
5.225,53,21615.1,13947.3,7667.8,4,1,Normal
0.545,180,47219.6,16707.4,30512.2,66,1,Attack
12.243,46,19671.1,14461.0,5210.1,8,1,Normal
2.701,42,21719.1,15881.6,5837.5,2,0,Normal
1.274,40,23381.7,11494.6,11887.1,3,0,Normal
1.378,208,42523.1,16319.0,26204.1,86,3,Attack
1.584,37,21138.6,10580.5,10558.1,3,0,Normal
3.231,45,25362.9,20599.4,4763.5,7,1,Normal
1.13,204,67802.7,29217.7,38585.0,64,3,Attack
1.021,40,23575.0,11204.2,12370.8,3,0,Normal
2.383,42,24855.1,13649.6,11205.5,3,2,Normal
1.247,42,15317.2,6307.7,9009.5,5,0,Normal
2.753,40,21054.4,17560.0,3494.4,2,0,Normal
0.522,170,36703.6,11924.4,24779.2,53,3,Attack
0.533,46,27460.8,19560.5,7900.2,4,0,Normal
4.857,52,27258.9,9856.1,17402.8,4,1,Normal
0.194,173,48708.2,14545.0,34163.2,72,6,Attack
2.573,44,26845.7,22032.1,4813.6,4,0,Normal
0.509,199,17787.4,7080.8,10706.6,69,3,Attack
1.219,43,19827.2,14923.7,4903.5,2,0,Normal
7.564,48,26896.2,18685.4,8210.7,6,0,Normal
1.537,171,32263.1,3231.4,29031.7,64,3,Attack
0.384,207,65733.4,22350.0,43383.4,75,3,Attack
0.774,182,58003.7,23631.9,34371.8,64,3,Attack
4.058,48,17047.6,12683.1,4364.4,0,0,Normal
2.945,43,19500.1,13623.4,5876.7,8,0,Normal
3.46,195,59465.6,21134.3,38331.3,77,2,Attack
0.281,38,23673.0,15419.8,8253.2,6,0,Normal
3.286,41,24848.1,10307.8,14540.3,4,0,Normal
1.42,41,22004.4,12142.8,9861.7,2,0,Normal
1.972,181,54339.8,6883.5,47456.3,61,3,Attack
0.077,193,28248.2,10687.4,17560.8,59,2,Attack
1.667,46,33224.4,20632.0,12592.4,5,0,Normal
3.061,48,27768.9,16986.4,10782.5,6,0,Normal
1.621,51,23231.2,15907.3,7323.9,4,0,Normal
1.959,51,24632.7,11441.7,13190.9,4,0,Normal
0.717,172,68803.1,21639.3,47163.7,51,2,Attack
1.368,186,41213.5,2646.1,38567.4,65,5,Attack
1.517,189,35822.1,16907.8,18914.2,64,2,Attack
0.442,187,7480.0,787.5,6692.5,65,3,Attack
1.651,47,17740.7,8848.8,8891.9,5,0,Normal
1.382,201,54782.9,15359.0,39424.0,76,0,Attack
3.201,48,22861.6,17977.7,4884.0,6,0,Normal
3.317,53,25876.6,9936.8,15939.8,7,0,Normal
5.543,58,28996.4,11661.6,17334.8,5,0,Normal
2.862,188,44700.6,10747.0,33953.6,59,4,Attack
1.317,50,31441.4,19735.8,11705.5,5,0,Normal
2.286,38,20781.0,9100.5,11680.5,3,0,Normal
1.763,193,17137.6,1149.2,15988.3,81,6,Attack
5.961,40,19010.6,12415.2,6595.3,2,2,Normal
0.845,172,41572.9,17204.8,24368.0,58,4,Attack
1.514,42,27390.7,15949.4,11441.3,4,0,Normal
1.145,188,30780.8,4958.0,25822.7,63,2,Attack
8.008,47,28794.9,25712.7,3082.3,1,0,Normal
1.58,196,44518.5,20298.5,24220.0,71,3,Attack
2.606,44,26878.1,20917.5,5960.6,0,0,Normal
0.36,198,39048.5,14458.9,24589.6,63,4,Attack
2.402,190,68765.1,3813.0,64952.1,64,4,Attack
7.071,37,19347.9,12432.4,6915.5,4,1,Normal
0.939,181,20438.3,1665.8,18772.5,69,4,Attack
2.366,55,28926.3,20958.0,7968.3,4,0,Normal
6.16,43,26021.8,10811.6,15210.2,5,0,Normal
0.454,205,37901.3,2354.0,35547.3,78,6,Attack
5.188,41,16064.5,8609.7,7454.8,4,0,Normal
1.695,66,39887.9,16409.5,23478.5,4,0,Normal
1.264,180,55693.9,5047.8,50646.1,57,4,Attack
1.53,55,28632.5,11603.3,17029.2,3,0,Normal
1.347,165,37393.1,5002.9,32390.2,60,3,Attack
0.659,181,36346.6,15439.1,20907.5,56,3,Attack
2.637,52,26209.4,18315.2,7894.2,5,2,Normal
1.761,50,20050.1,7155.8,12894.3,9,1,Normal
3.196,52,28860.1,20297.6,8562.5,2,0,Normal
1.251,57,31595.3,26471.0,5124.4,2,1,Normal
0.43,205,12915.2,2648.0,10267.2,68,2,Attack
3.149,48,31915.3,26208.9,5706.4,5,0,Normal
0.709,206,61233.9,5894.6,55339.3,67,2,Attack
0.489,196,61617.0,8182.4,53434.7,74,2,Attack
0.502,42,24247.9,17953.7,6294.2,2,0,Normal
0.078,190,52813.4,22507.5,30306.0,75,5,Attack
7.133,41,25253.3,9212.1,16041.2,5,0,Normal
0.43,188,35545.4,16194.1,19351.3,55,4,Attack
0.058,174,33778.6,15124.3,18654.3,65,3,Attack
0.259,45,23192.8,15551.5,7641.3,4,1,Normal
1.4,219,54566.5,6747.7,47818.9,73,3,Attack
0.125,200,75974.6,24073.7,51900.9,63,0,Attack
0.673,171,28736.4,8378.1,20358.3,57,0,Attack
2.025,201,81827.3,40033.7,41793.6,60,4,Attack
4.189,202,57744.3,4408.5,53335.8,72,4,Attack
2.042,52,19934.4,8386.3,11548.1,4,0,Normal
0.694,181,74177.1,24193.8,49983.3,69,3,Attack
2.631,41,19131.7,12229.5,6902.2,3,0,Normal
4.203,41,21432.0,19007.4,2424.6,4,0,Normal
1.448,44,22003.4,19229.7,2773.7,1,0,Normal
3.689,47,19385.1,13066.3,6318.8,2,0,Normal
3.763,172,47906.3,22021.5,25884.8,58,6,Attack
0.961,49,29394.0,25691.3,3702.7,1,0,Normal
1.13,36,20839.8,13042.6,7797.3,2,0,Normal
7.559,51,23973.9,12767.1,11206.8,5,0,Normal
0.183,207,69814.5,10539.2,59275.4,67,3,Attack
0.162,177,61813.9,26141.6,35672.3,65,6,Attack
0.973,55,19106.7,11719.8,7387.0,5,0,Normal
5.502,48,28059.3,10697.0,17362.2,0,0,Normal
0.87,171,60963.1,11350.9,49612.2,59,8,Attack
1.174,182,23475.6,3091.5,20384.1,74,4,Attack
1.156,50,26086.8,15602.2,10484.6,4,0,Normal
2.027,176,42468.1,19846.9,22621.1,56,2,Attack
0.669,193,68988.6,14762.8,54225.7,66,1,Attack
0.326,58,29464.3,20837.6,8626.7,4,1,Normal
0.137,200,49117.1,18272.3,30844.8,74,3,Attack
6.198,45,21515.6,15280.7,6234.9,4,1,Normal
4.506,42,19618.5,7122.1,12496.4,5,0,Normal
0.408,49,25222.7,19822.1,5400.7,2,0,Normal
5.059,51,24541.6,10316.5,14225.1,5,0,Normal
0.065,180,31994.1,3811.7,28182.4,52,4,Attack
4.25,47,28224.0,19686.0,8538.0,1,0,Normal
0.199,205,63149.7,25338.5,37811.2,66,4,Attack
3.873,42,19136.9,13709.1,5427.8,2,0,Normal
1.366,190,50900.9,16055.6,34845.3,54,5,Attack
4.616,53,26238.2,14221.0,12017.2,5,1,Normal
1.027,37,18536.5,16525.0,2011.4,2,1,Normal
0.315,200,58179.8,14737.5,43442.3,68,1,Attack
3.17,40,29030.2,16307.7,12722.5,3,0,Normal
3.333,51,25279.9,21731.2,3548.7,3,0,Normal
6.18,62,33575.2,24716.6,8858.6,3,0,Normal
0.725,162,61950.6,23663.9,38286.7,49,2,Attack
1.736,49,21057.7,16274.4,4783.3,6,0,Normal
0.736,195,37332.6,3551.6,33781.0,66,6,Attack
12.842,45,20849.4,9363.6,11485.8,4,1,Normal
0.159,203,8120.0,1677.8,6442.2,80,3,Attack
0.497,187,11417.5,1054.1,10363.4,67,5,Attack
2.634,34,21594.3,13665.8,7928.5,3,2,Normal
5.792,48,30109.9,20042.5,10067.3,5,0,Normal
0.746,185,46066.5,8616.7,37449.8,56,4,Attack
1.053,43,27234.3,23814.4,3419.9,4,1,Normal
2.764,191,60187.4,7839.1,52348.4,68,1,Attack
0.454,176,56071.3,8162.6,47908.7,55,4,Attack
0.352,194,74398.2,19285.0,55113.2,73,2,Attack
3.118,53,28862.1,19576.1,9286.1,3,0,Normal
2.933,55,34923.9,20034.1,14889.8,5,2,Normal
2.101,58,35753.7,18792.5,16961.2,3,0,Normal
2.473,174,6960.0,635.7,6324.3,57,6,Attack
1.147,182,56137.1,11090.2,45046.9,81,2,Attack
5.759,47,26640.1,12734.0,13906.1,2,0,Normal
1.237,182,45034.1,5969.7,39064.4,57,2,Attack
2.984,47,29279.5,18500.6,10778.8,1,0,Normal
2.957,56,25549.6,15431.9,10117.7,4,2,Normal
0.261,171,71857.8,12418.9,59438.9,67,5,Attack
1.15,39,21482.2,11628.9,9853.3,0,0,Normal
1.976,40,26607.0,20961.9,5645.0,2,0,Normal
3.451,192,51172.7,20663.0,30509.7,59,4,Attack
1.345,190,72274.3,23871.7,48402.5,63,3,Attack
4.966,45,17328.7,6615.6,10713.1,5,0,Normal
0.829,49,26437.6,14830.2,11607.3,5,0,Normal
0.088,190,59599.9,4036.4,55563.5,60,2,Attack
3.301,42,25643.7,21374.1,4269.6,3,0,Normal
1.526,192,48276.2,19522.9,28753.3,77,2,Attack
2.738,38,16739.2,14878.0,1861.2,2,2,Normal
1.208,174,57885.1,12004.2,45880.9,54,4,Attack
4.518,41,21420.9,19009.1,2411.7,0,0,Normal
3.403,36,16006.7,12850.7,3156.0,4,0,Normal
0.639,181,68146.4,12075.0,56071.4,51,4,Attack
0.668,39,18599.2,16289.0,2310.2,3,0,Normal
4.76,43,23363.5,18536.4,4827.1,2,0,Normal
2.417,44,22176.4,9373.5,12802.9,1,0,Normal
0.262,202,89784.0,29368.9,60415.1,81,5,Attack
3.571,34,18074.9,15334.7,2740.2,3,0,Normal
3.499,46,22967.9,16317.4,6650.5,5,1,Normal
0.528,178,59277.9,20282.9,38995.0,53,3,Attack
7.473,50,27229.6,12186.2,15043.5,1,0,Normal
2.335,48,23066.8,14640.1,8426.7,2,0,Normal
1.973,58,28270.1,10872.4,17397.7,3,2,Normal
1.287,195,23043.0,9397.5,13645.4,63,6,Attack
3.626,50,26759.0,10168.4,16590.6,3,1,Normal
0.407,40,14341.6,6260.7,8080.9,2,0,Normal
2.029,193,52042.3,16937.3,35105.0,63,3,Attack
1.812,33,17054.1,13906.6,3147.4,4,0,Normal
1.437,167,46688.3,17220.3,29468.0,49,3,Attack
0.575,52,24806.6,12540.1,12266.6,2,0,Normal
1.187,49,31269.1,27690.9,3578.2,3,1,Normal
0.695,202,86126.0,41409.4,44716.6,67,5,Attack
0.382,169,87729.0,25893.1,61835.8,65,3,Attack
1.282,203,53697.4,20856.1,32841.3,77,4,Attack
3.289,193,18641.0,4121.8,14519.1,73,4,Attack
0.83,179,37684.3,4872.9,32811.4,55,5,Attack
3.04,50,23357.3,14697.1,8660.2,2,0,Normal
0.656,209,94571.2,36295.7,58275.4,78,4,Attack
0.749,176,35397.7,6136.1,29261.6,76,3,Attack
5.785,46,19279.1,10581.6,8697.5,4,0,Normal
2.212,191,64979.8,26997.8,37982.0,60,3,Attack
1.61,52,16254.3,13010.2,3244.1,9,0,Normal
1.51,175,69510.3,4735.2,64775.1,62,6,Attack
4.763,44,22859.7,14617.9,8241.8,4,0,Normal
0.212,47,20540.9,9356.9,11184.1,7,2,Normal
4.253,46,28902.1,23847.6,5054.5,4,0,Normal
2.679,49,32095.3,21059.9,11035.4,3,2,Normal
2.163,41,20355.2,17351.7,3003.4,5,0,Normal
0.082,208,47191.0,13870.1,33320.9,79,3,Attack
0.6,45,22271.7,9378.5,12893.2,5,1,Normal
0.163,176,42237.0,8210.4,34026.6,54,5,Attack
0.121,195,70142.8,17442.1,52700.7,62,4,Attack
3.59,191,56283.6,17838.3,38445.3,68,4,Attack
3.701,195,54067.1,10821.5,43245.6,66,4,Attack
0.103,192,85169.1,5563.1,79605.9,58,3,Attack
0.867,189,47072.9,9448.9,37624.0,59,4,Attack
0.801,200,37018.9,13870.0,23149.0,83,3,Attack
0.562,196,37243.2,17346.3,19896.9,60,1,Attack
2.476,42,20951.8,14386.8,6565.0,6,1,Normal
1.255,201,76374.7,34534.6,41840.1,74,3,Attack
11.523,37,21413.3,12196.4,9216.9,2,0,Normal
0.529,171,33904.3,14137.3,19767.0,57,6,Attack
1.559,209,32298.4,9284.4,23014.0,68,3,Attack
0.47,197,49432.0,10962.9,38469.0,66,5,Attack
1.518,181,52688.3,16052.3,36636.0,57,6,Attack
0.262,203,54852.5,14923.5,39929.0,64,3,Attack
0.075,185,64702.2,12939.8,51762.4,80,5,Attack
4.88,41,23886.7,15386.5,8500.2,6,1,Normal
2.203,183,56875.7,12090.3,44785.5,76,4,Attack
0.27,179,47788.6,16703.6,31084.9,65,2,Attack
0.668,204,66637.5,13083.5,53554.0,56,4,Attack
0.898,187,54621.8,13585.5,41036.3,71,0,Attack
0.978,34,19216.1,11773.9,7442.2,3,0,Normal
4.521,46,31345.5,24451.7,6893.8,5,0,Normal
2.005,191,44591.6,13162.2,31429.3,67,4,Attack
0.939,178,34018.8,9329.8,24689.0,50,5,Attack
2.555,51,28678.1,20874.2,7803.9,2,0,Normal
0.824,173,16677.8,1471.6,15206.1,58,4,Attack
1.245,161,42228.7,20774.1,21454.6,57,2,Attack
1.454,40,20093.2,16905.5,3187.6,2,0,Normal
3.132,48,27147.7,21674.6,5473.1,1,0,Normal
1.73,35,14127.0,6464.6,7662.4,1,1,Normal
0.689,171,34585.2,2430.7,32154.5,57,6,Attack
0.324,190,38506.7,13877.6,24629.0,54,7,Attack
1.849,174,47812.9,18345.5,29467.5,67,5,Attack
0.705,176,44843.3,19183.4,25659.9,60,3,Attack
1.197,208,77933.7,36905.1,41028.6,75,5,Attack
0.02,179,44791.4,18015.0,26776.4,59,2,Attack
1.017,192,29955.0,11367.7,18587.3,78,2,Attack
0.345,204,72850.9,31974.8,40876.1,68,4,Attack
0.199,206,38115.3,10946.9,27168.4,80,6,Attack
1.817,181,73980.1,18088.5,55891.6,67,5,Attack
0.65,195,26310.2,7383.2,18927.0,77,3,Attack
0.057,202,46488.9,3140.1,43348.8,70,4,Attack
1.341,193,51119.2,19810.8,31308.4,71,4,Attack
1.178,209,52754.0,13484.5,39269.5,81,5,Attack
2.688,156,47442.4,9924.4,37518.0,46,5,Attack
5.397,39,23480.9,20422.5,3058.4,3,0,Normal
4.46,42,20874.1,9565.0,11309.1,5,0,Normal
4.008,55,36556.5,24858.4,11698.1,4,0,Normal
2.316,183,49376.2,9389.8,39986.3,68,3,Attack
2.01,51,27216.2,10945.9,16270.2,3,0,Normal
4.727,50,25351.5,21602.0,3749.4,4,1,Normal
1.563,47,21523.7,18563.0,2960.7,4,0,Normal
5.716,42,26676.2,13999.0,12677.2,2,0,Normal
0.797,184,39976.9,6024.3,33952.6,66,2,Attack
0.875,189,43419.8,11429.4,31990.4,56,3,Attack
0.466,44,22242.1,8423.5,13818.6,6,0,Normal
1.597,42,24758.1,16623.0,8135.1,2,0,Normal
3.014,40,22602.9,8703.9,13899.0,5,0,Normal
1.527,63,35614.7,21453.0,14161.7,5,0,Normal
5.324,43,18871.3,9663.2,9208.0,4,0,Normal
0.125,189,43725.0,8956.9,34768.1,71,1,Attack
1.475,44,28252.6,23900.3,4352.2,2,0,Normal
0.569,206,53951.2,5567.5,48383.7,69,3,Attack
0.224,183,48240.4,19494.0,28746.4,69,3,Attack
2.432,42,22602.3,10609.0,11993.3,2,0,Normal
1.058,195,81171.8,34311.3,46860.5,75,3,Attack
1.829,46,26713.3,18073.7,8639.5,3,0,Normal
1.662,41,21211.3,8184.4,13026.9,5,2,Normal
2.012,52,26807.3,17616.8,9190.5,7,1,Normal
0.967,186,63346.7,9710.0,53636.7,56,3,Attack
2.862,43,22128.3,12933.9,9194.5,2,1,Normal
4.722,41,17800.6,8579.2,9221.4,2,0,Normal
1.175,192,49250.6,4745.8,44504.8,70,6,Attack
0.313,188,49947.8,17553.6,32394.1,78,3,Attack
0.309,177,39576.0,17007.2,22568.8,65,3,Attack
5.027,36,19140.1,11168.4,7971.7,4,0,Normal
0.343,180,30544.8,9250.7,21294.1,65,2,Attack
2.764,46,20300.4,7721.8,12578.7,6,0,Normal
0.157,42,22172.4,14855.3,7317.0,5,0,Normal
0.924,47,29895.2,22057.9,7837.4,3,0,Normal
0.95,50,22082.5,12331.2,9751.3,3,0,Normal
4.658,38,15840.4,12574.9,3265.5,3,0,Normal
2.587,55,28738.9,15067.0,13672.0,4,0,Normal
2.302,59,28407.6,18932.9,9474.7,6,0,Normal
2.212,193,70835.7,4663.0,66172.7,70,1,Attack
0.394,195,18555.3,3382.8,15172.6,75,5,Attack
0.293,49,26425.3,21005.8,5419.5,3,0,Normal
0.11,205,62657.2,14140.6,48516.6,62,2,Attack
4.38,41,22903.0,20469.9,2433.1,4,0,Normal
0.936,182,37903.5,3569.0,34334.5,57,1,Attack
4.342,44,20024.2,14635.8,5388.4,5,0,Normal
1.729,172,50941.0,22906.7,28034.4,57,4,Attack
0.857,46,27032.1,10273.6,16758.5,6,0,Normal
1.011,199,53436.8,21093.6,32343.2,65,0,Attack
1.81,45,26436.0,15105.0,11331.0,3,1,Normal
3.303,42,27612.8,22725.7,4887.1,3,0,Normal
2.49,52,28094.1,15284.5,12809.7,3,0,Normal
1.298,43,24075.3,8614.6,15460.7,1,0,Normal
0.187,184,66017.2,11994.5,54022.7,65,2,Attack
1.862,186,52305.4,17965.2,34340.1,57,1,Attack
5.913,47,7936.9,5041.9,2895.0,7,0,Normal
2.387,51,39493.8,20950.2,18543.6,3,1,Normal
1.62,55,29055.2,12444.7,16610.5,3,1,Normal
2.695,30,19548.8,14419.7,5129.1,3,0,Normal
1.562,43,20152.8,16700.9,3451.9,2,0,Normal
0.514,56,30128.5,13352.7,16775.8,7,0,Normal
1.369,48,20353.9,15175.6,5178.2,7,0,Normal
2.813,41,24167.3,13496.6,10670.7,3,2,Normal
3.736,48,27021.4,17967.7,9053.7,2,0,Normal
1.861,45,26652.2,17874.5,8777.7,2,1,Normal
0.799,51,22290.2,18802.3,3487.8,6,0,Normal
5.217,45,20266.8,9212.3,11054.5,5,2,Normal
0.408,180,52416.0,11585.0,40831.0,54,2,Attack
1.153,209,49321.4,16930.3,32391.0,67,0,Attack
1.847,50,24667.5,16296.9,8370.6,5,0,Normal
0.614,39,21608.2,13505.9,8102.3,3,0,Normal
5.665,44,24938.6,14962.0,9976.6,3,0,Normal
2.79,198,63647.1,30494.1,33153.1,85,6,Attack
2.523,58,26990.5,21115.2,5875.3,5,0,Normal
3.937,47,27761.6,14680.4,13081.2,3,0,Normal
2.508,185,16793.5,5110.6,11682.9,65,4,Attack
3.986,41,17478.8,13922.2,3556.7,2,1,Normal
2.85,45,22153.8,12646.8,9507.0,5,1,Normal
1.86,221,56958.5,18395.6,38562.9,88,4,Attack
0.228,46,25615.5,17501.0,8114.6,5,0,Normal
1.128,44,23324.5,13814.6,9509.9,6,0,Normal
1.407,166,71512.2,22135.1,49377.1,50,2,Attack
4.407,40,24423.4,16180.6,8242.8,4,0,Normal
1.298,190,55126.8,19408.6,35718.2,67,1,Attack
1.819,53,29168.4,26078.9,3089.5,6,0,Normal
2.169,197,55955.4,5478.2,50477.3,72,4,Attack
1.633,38,19034.4,7859.6,11174.8,4,0,Normal
0.499,47,20840.2,11620.7,9219.5,3,1,Normal
1.083,57,23800.1,11241.8,12558.2,2,0,Normal
3.509,43,31201.9,27324.7,3877.2,3,1,Normal
2.522,46,30138.5,19463.9,10674.6,4,1,Normal
6.058,42,18193.6,11535.0,6658.6,5,1,Normal
1.064,59,18980.3,7027.8,11952.4,5,2,Normal
0.665,41,21070.1,11773.4,9296.6,0,0,Normal
1.337,46,26729.1,15614.9,11114.2,4,1,Normal
1.963,47,24861.0,21488.9,3372.1,4,0,Normal
2.231,40,20658.9,7270.2,13388.7,4,0,Normal
0.495,50,23683.2,12637.8,11045.4,7,0,Normal
1.22,196,70367.2,20826.4,49540.8,68,3,Attack
3.265,40,14913.1,5815.0,9098.1,3,1,Normal
1.014,175,78843.2,32984.6,45858.6,67,4,Attack
0.844,43,22617.9,12864.5,9753.4,1,0,Normal
0.483,205,75739.0,32622.7,43116.3,69,4,Attack
0.895,42,17416.1,11592.6,5823.5,2,0,Normal
0.049,189,16243.7,6576.2,9667.6,61,1,Attack
1.631,200,62848.3,6360.4,56487.9,71,2,Attack
0.562,198,35758.1,8456.5,27301.7,66,4,Attack
2.088,44,17086.8,6782.0,10304.8,9,1,Normal
1.646,177,42176.0,14868.7,27307.3,48,5,Attack
3.606,47,23301.0,12273.1,11027.9,3,1,Normal
2.093,184,43118.1,16738.2,26379.9,69,5,Attack
0.529,52,25981.3,12428.3,13553.0,4,0,Normal
0.907,45,23369.9,10242.2,13127.6,7,2,Normal
2.901,36,18206.3,13965.0,4241.3,3,1,Normal
4.948,46,21459.6,12886.6,8573.0,3,0,Normal
0.221,179,77688.6,33648.2,44040.4,70,3,Attack
1.343,43,14540.3,12041.6,2498.7,6,0,Normal
0.391,59,33807.5,11929.0,21878.5,5,0,Normal
4.101,45,19064.3,8635.7,10428.6,4,0,Normal
0.206,201,52025.4,2756.0,49269.4,76,5,Attack
0.552,183,52262.3,16713.3,35549.0,70,3,Attack
2.111,187,48794.0,11831.1,36962.9,68,4,Attack
5.308,54,29734.6,19237.0,10497.6,4,2,Normal
0.241,49,27581.1,24811.8,2769.3,6,0,Normal
0.994,191,22271.8,8358.5,13913.3,71,4,Attack
1.505,45,21655.3,11422.1,10233.2,6,0,Normal
4.872,52,23491.1,16851.6,6639.6,4,0,Normal
0.532,182,37957.0,16893.9,21063.1,61,6,Attack
0.291,182,49099.2,7262.7,41836.5,71,1,Attack
0.711,169,36280.9,8598.8,27682.1,56,2,Attack
3.562,32,23205.2,13530.6,9674.6,3,0,Normal
0.736,52,24192.1,17972.0,6220.1,2,0,Normal
0.754,29,12166.9,6087.5,6079.3,2,2,Normal
2.781,47,25281.8,21323.0,3958.9,6,1,Normal
1.65,45,18592.4,9201.7,9390.6,3,0,Normal
1.12,196,7840.0,1724.3,6115.7,69,3,Attack
0.476,186,28986.5,13041.9,15944.6,64,3,Attack
1.247,198,39737.6,19448.3,20289.3,58,4,Attack
0.392,184,39298.7,11582.7,27716.0,59,4,Attack
3.426,39,21814.8,8067.9,13746.9,7,0,Normal
0.453,178,74746.5,21874.5,52872.0,55,4,Attack
3.458,43,20697.9,10586.5,10111.5,2,0,Normal
2.314,50,33076.3,24942.4,8133.9,6,0,Normal
1.006,201,41902.0,4501.6,37400.4,81,5,Attack
0.872,46,29857.5,23971.2,5886.3,2,0,Normal
2.512,51,22182.4,15327.6,6854.7,8,1,Normal
3.387,40,18796.5,6758.9,12037.6,2,1,Normal
3.528,36,16144.5,11828.7,4315.7,4,0,Normal
0.96,40,16546.2,8748.2,7798.1,3,0,Normal
2.665,54,29071.3,19148.4,9922.9,2,0,Normal
1.282,186,59102.9,9059.5,50043.4,67,2,Attack
2.373,48,23945.9,20365.7,3580.2,1,2,Normal
1.601,54,24319.3,10672.2,13647.1,7,0,Normal
1.42,48,22276.7,10506.0,11770.7,3,0,Normal
1.743,49,30673.0,17042.5,13630.5,5,0,Normal
1.276,180,86912.3,42709.0,44203.3,69,3,Attack
2.468,184,77767.5,36873.7,40893.8,63,4,Attack
1.664,39,20727.1,12473.8,8253.3,1,1,Normal
1.926,211,75491.4,14918.4,60573.0,62,4,Attack
2.771,47,19939.1,12039.5,7899.6,2,0,Normal
0.295,180,41356.5,14136.6,27219.9,65,2,Attack
0.182,193,55779.6,17899.9,37879.6,69,3,Attack
2.785,191,63761.1,12190.3,51570.9,72,4,Attack
2.071,50,23928.8,16283.3,7645.5,1,0,Normal
1.849,173,55213.5,10358.5,44855.0,65,3,Attack
4.474,48,21636.9,10422.2,11214.7,1,0,Normal
1.797,57,17750.4,11589.8,6160.6,5,0,Normal
10.259,46,26780.2,15190.1,11590.1,5,0,Normal
0.538,200,31250.7,9020.5,22230.2,76,3,Attack
2.332,49,28805.8,11988.1,16817.6,3,0,Normal
0.643,45,22527.0,17764.3,4762.7,7,1,Normal
0.719,192,25662.8,7945.1,17717.7,81,4,Attack
0.851,198,28750.8,7072.0,21678.8,66,2,Attack
2.602,51,26651.8,14245.1,12406.7,3,0,Normal
2.271,58,25150.8,15881.1,9269.7,5,0,Normal
3.103,48,33412.2,11921.0,21491.3,1,0,Normal
0.197,196,87258.4,37581.3,49677.1,74,3,Attack
0.653,46,20629.1,8968.3,11660.8,3,0,Normal
0.839,50,26484.2,14936.4,11547.7,5,0,Normal
0.287,41,20052.4,16897.9,3154.5,5,2,Normal
2.733,50,29154.4,11945.3,17209.1,7,1,Normal
1.09,194,43191.1,7714.6,35476.5,65,3,Attack
4.941,61,29126.5,16312.4,12814.0,3,0,Normal
1.145,43,25239.0,10119.5,15119.6,3,0,Normal
4.134,34,19284.7,10194.2,9090.5,4,1,Normal
1.002,45,20635.9,14581.8,6054.1,2,1,Normal
1.854,220,15035.7,7276.5,7759.2,93,3,Attack
4.224,42,21113.7,10278.5,10835.2,4,1,Normal
2.591,51,26883.2,12604.2,14279.0,6,0,Normal
1.475,185,56239.5,11876.9,44362.6,59,4,Attack
1.274,189,78163.8,20793.7,57370.2,67,3,Attack
3.328,35,16035.1,7741.9,8293.1,3,0,Normal
3.347,48,16804.3,12429.0,4375.3,5,1,Normal
0.994,170,53466.3,20001.6,33464.7,50,3,Attack
0.804,206,72801.4,28875.5,43925.9,69,5,Attack
2.25,37,20116.7,16341.1,3775.6,1,0,Normal
0.673,201,46222.0,14380.0,31841.9,64,2,Attack
1.483,54,26632.6,10984.1,15648.5,4,0,Normal
3.396,45,19852.6,11696.2,8156.4,3,0,Normal
0.352,188,49433.8,3062.6,46371.1,59,1,Attack
6.974,50,31404.0,22789.2,8614.8,4,1,Normal
0.97,190,46094.0,18475.6,27618.4,70,2,Attack
7.32,48,24353.2,17276.5,7076.7,3,0,Normal
1.451,199,12160.9,814.5,11346.4,61,5,Attack
2.077,48,30224.9,17716.4,12508.5,6,1,Normal
1.157,49,25955.3,17734.9,8220.4,4,1,Normal
2.035,195,111162.6,29907.7,81255.0,67,5,Attack
6.312,45,19270.9,14184.9,5086.0,4,1,Normal
0.529,166,46591.1,6828.5,39762.6,69,5,Attack
5.928,43,22146.8,13253.3,8893.6,4,0,Normal
3.497,39,17731.4,14309.0,3422.4,2,0,Normal
0.538,227,25414.5,11864.9,13549.6,88,5,Attack
2.573,43,14782.2,8177.3,6604.9,2,0,Normal
2.585,186,70768.2,9641.5,61126.7,75,4,Attack
0.752,43,21551.8,10337.9,11214.0,3,1,Normal
